id,本文,答え,補足説明1,補足説明2,補足説明3,補足説明4,補足説明5,サブ,サブ2,サブ3,サブ4,サブ5,サブ4_2
1,法令で規定されている保安規定に関する次の記述のうち[  ]の中の(イ)~(ホ)の語句のうち、誤っているものはいくつあるか。,2,一般ガス導管事業者は、[ (イ)保安業務の適正な実施を確保するため、 ]保安規定を定め、事業の[ (ロ)開始前 ]に、経済産業大臣に届け出なければならない。,また、一般ガス導管事業者は、保安規定を変更したときは、[ (ハ)遅滞なく ]、変更した事項を経済産業大臣に届け出なければならない。,経済産業大臣は、一般ガス導管事業の用に供するガス工作物に関する保安を確保するため必要があると認めるときは、一般ガス導管事業者に対し、[ (ニ)その使用を一時停止すべきこと ]を命ずることができる。,[ (ホ)一般ガス導管事業者及びその従業者 ]は、保安規定を守らなければならない。,,,,,,,
1,法令で規定されているガス主任技術者の選任及び解任に関する次の記述について、[  ]の中の(イ)~(ホ)の語句のうち、正しいものものはいくつあるか。,5,ガス小売事業者は、経済産業省令で定めるところにより、ガス主任技術者免状の交付を受けているものであって、経済産業省令で定める実務の経験を有するもののうちから、ガス主任技術者を選任しなければならない。,経済産業省令で定める実務の経験は、[(イ)甲]種ガス主任技術者免状の交付を受けているものにあっては製造又は供給の用に供するガス工作物の工事、維持又は運用に関する業務に[(ロ)通算]して[(ハ)1]年以上従事したこととし、当該経験と同等以上の実務経験であると[(ニ)経済産業大臣]が認定した経験をもって代えることができる。,[(ホ)ガス小売事業者に対し、ガス主任技術者の解任を命ずる。]ことができる。,,,,,,,,
1,法令で規定されている一般ガス導管事業者及びガス製造事業者の業務に関する次の記述のうち、正しいものはいくつあるか。,2,(イ)　一般ガス導管事業者は、その供給区域における託送供給に係る料金その他の供給条件について、託送供給約款を定め、経済産業大臣に届け出なければならない。,(ロ)　一般ガス導管事業者が定める託送供給約款においては、託送供給を行うことができるガスの熱量等の範囲、組成その他のガスの受入条件に関する事項を定めなければならない。,(ハ)　一般ガス導管事業者は、正当な理由がなければ、最終保障供給を拒んではならない。,(ニ)　ガス製造事業者は、毎年度、ガスの製造並びにガス工作物の設置及び運用について供給計画を作成し、当該年度の開始前に、経済産業大臣に届け出なければならない。,(ホ)　ガス製造事業者は、その製造するガスの圧力にあっては、常時、製造所の出口及び経済産業大臣が指定する場所において、圧力値を自動的に記録する圧力計を使用して測定しなければならない。,,,,,,
1,次のガス事故のうち、ガス事故速報を報告することが法令で規定されているものはいくつあるか。ただし、台風、高潮、洪水、津波、地震その他の自然災害又は火災による広範囲の地域にわたるガス工作物の損壊事故、製造支障事故又は供給支障事故であって、経済産業大臣が指定するものを除く。,4,(イ)　ガス工作物(ガス栓を除く。)の操作により人が死亡した事故,(ロ)　ガスの供給に支障を及ぼした事故であって、供給支障戸数が500以上のもの,(ハ)　工事中のガス工作物(ガス栓を除く。)の損壊により人が負傷した事故,(ニ)　ガス工作物(ガス栓を除く。)の損壊により、一般公衆に対し、交通の困難を招来した事故,(ホ)　ガス栓の欠陥によりガス栓から漏えいしたガスに引火することにより、発生した物損事故,,,,,,
1,凹凸形にプレスされた伝熱板をガスケットではさんで重ね合わせ、伝熱板の間を交互に2つの流体が流れるようにした構造の熱交換器は、次のうちどれか。,3,ブロック形熱交換器,ジャケット形熱交換器 ,プレート形熱交換器,二重管式熱交換器,単管式熱交換器,,,,,,
1,メタンと水素の体積比が4:1の混合ガスを空気比1で完全燃焼させたとき、乾き燃焼ガス中の二酸化炭素の濃度(vol%)として、最も近い値はどれか。ただし、空気中の窒素と酸素の体積比は4:1 とする。,2,8.5,11,25,31,100,,,,,,
1,内径 150 mm の直円管の中を平均流速 2m/sでガスが流れているとき、損失ヘッドが 0.3 m であった。この直円管の長さ(m) として、最も近い値はどれか。ただし、管摩擦係数は 0.03、重力加速度は 10 m/s とし、直円管内の流れは完全に発達した状態とする。,2,4.5,7.5,15,750,7500,,,,,,
1,"技術基準で規定されているガス工作物に関する次の記述のうち、正しいものはいくつあるか。ただし、3、4及び,5のガス工作物は、不活性のガス(空気を含む。)又は不活性の液化ガスのみを通ずるものではない。",3,(イ)　整圧器(一の使用者にガスを供給するためのものを除く。)は、公衆がみだりに操作しないよう、適切な措置を講じなければならない。,(ロ)　製造所(特定製造所を除く。)、供給所及び導管を管理する事業場には、緊急時に迅速な通信を確保するため、適切な通信設備を設けなければならない。,(ハ)　製造所に設置するガス若しくは液化ガスを通ずるガス工作物には、その規模に応じて、適切な防消火設備を適切な箇所に設けなければならない。,(ニ)　ガス又は液化ガスを通ずるガス工作物を設置する室(製造所及び供給所に存するものに限る。)は、これらのガス又は液化ガスが漏えいしたとき室外に流出しない構造でなければならない。,(ホ)　ガス発生設備及び附帯設備であって製造設備に属するもののガス又は液化ガスを通ずる部分は、ガス又は液化ガスを安全に放出できる構造でなければならない。,,,,,,
1,技術基準で規定されているガス工作物に関する次の記述について、[   ]の中の(イ)~(ホ)の語句のうち、誤っているものはいくつあるか。,1,告示で定める着脱が容易なガス栓は、内部に[(イ)過流出安全機構]を有するものでなければならない。,ガスの使用場所である超高層建物、高層建物又は特定大規模建物にガスを供給する導管には、危急の場合にガスを速やかに[(口)遮断]することができる適切な装置を適切な場所に設けなければならない。,ガス事業者がガスの使用者との取引のために使用するガスメーター(使用最大流量が毎時[(ハ)16㎡] 以下、使用最大圧力が4kPa以下及び口径 250 mm 以下のものに限る。)は、ガスが流入している状態において、災害の発生のおそれのある大きさの地震動、[(二)過大]なガスの流量又は異常なガス圧力のは[(ホ)上昇]を検知した場合に、ガスを速やかに遮断する機能を有するものでなければならない。,,,,,,,,
1,法令で規定されているガス用品及び「特定ガス消費機器の設置工事の監督に関する法律」に関する次の記述について、[   ]の中の(イ)〜(ホ)の語句のうち、正しいものはいくつあるか。,5,「ガス用品」とは、主として一般消費者等がガスを消費する場合に用いられる機械、器具又は[(イ)材料]であって、政令で定めるものをいう。,ガス用品の製造、輸入又は販売の事業を行う者は、経済産業省令で定める基準適合表示が 付されているものでなければ、ガス用品を販売し、又は[(口)販売]の目的で陳列してはならない。,特定工事事業者は、特定工事を施工するときは、特定工事が消費機器の技術上の基準に適合することを確保するため、[(ハ)ガス消費機器設置工事監督者]の資格を有する者に[(ニ)実地に監督]をさせなければならない。,特定工事事業者は、特定工事を施工したときは、当該特定工事に係る特定ガス消費機器の見やすい場所に、氏名又は名称、[(ホ)施工年月日]その他の経済産業省令で定める事項を記載した表示を付さなければならない。,,,,,,,
1,可燃性ガスの爆発に関する次の記述のうち、誤っているものはどれか。,2,爆発反応は、光や音、あるいは衝撃的圧力を伴う。,爆発現象は爆燃、爆ごうに分類され、燃焼反応領域の伝播速度が、爆燃は超音速、爆ごうは亜音速である。,爆発反応は、可燃性ガスと空気が適当な濃度範囲で混合され、かつ外部から何らかの方法でエネルギーが与えられることにより起こりうる。,爆ごうを起こしうる可燃性ガスの濃度範囲を爆ごう範囲といい、爆発範囲の内側にある。,爆ごうは衝撃波を伴う現象である。,,,,,,
1,技術基準で規定されている導管及び整圧器に関する次の記述のうち、正しいものはいくつあるか。,4,(イ)　ガス事業者の掘削により周囲が露出することとなった導管の露出している部分の両端は、地くずれのおそれがない地中に支持されていなければならない。,(ロ)　ガス事業者の掘削により周囲が露出することとなったガスの供給の用に供されている導管で、露出している管の接合部がフランジ接合のものには、抜出しを防止する適切な措置を講じなければならない。,(ハ)　最高使用圧力が高圧の整圧器には、ガスの漏えいによる火災等の発生を防止するための適切な措置を講じなければならない。,(ニ)　整圧器の入口には、ガス遮断装置を設けなければならない。,(ホ)　整圧器の制御用配管、補助整圧器その他の附属設備は、地震に対し耐えるよう支持されていなければならない。,,,,,,
1,気体の圧縮係数に関する次の記述のうち、誤っているものはどれか。,1,圧縮係数は圧縮比と同じである。,圧縮係数は換算温度と換算圧力の関数である。,圧縮係数は、理想気体の法則を修正し、実在気体を取り扱うための補正係数である。,1 molあたりで比較すると、圧縮係数が1より大きい気体の圧力は、同じ温度、同じ体積の理想気体の圧力より大きくなる。,1molあたりで比較すると、圧縮係数が1より小さい気体の体積は、同じ温度、同じ圧力の理想気体の体積より小さくなる。,,,,,,
1,エントロピーに関する次の記述のうち、誤っているものはどれか。,5,系がある状態から別の状態に移るときのエントロピー変化量は、途中の経路にはよらない。,エントロピーの次元は[エネルギー]/[温度]である。,理想気体では、定圧条件において温度を上昇させるとエントロピーは増加する。,孤立系の不可逆過程において、エントロピーは常に増大する。,等温、定圧で2種の理想気体を混合するとき、エントロピーは減少する。,,,,,,
1,容積一定の容器に入った空気 300 kg を、都市ガスの燃焼により温度 300 K から 900 K に外部から加熱した。このとき、燃焼に使用した都市ガスの体積(㎥)として、最も近い値はどれか。ただし、都市ガスは標準状態(0°C、101325 Pa) とし、空気の定積比熱容量を 0.7 kJ/(kg・K)、都市ガスの発熱量を 45 MJ/㎥、熱効率を 70 % とする。,4,1.5,2,3.2,4,4.5,,,,,,
1,ピトー管を用いて気体の流速を測定したところ、ピトー管につないだマノメーターの液面高さの差は 13 mm であった。気体の密度は 1.04 kg/m2、マノメーター内の液体の密度は 800kg/m2であるとき、気体の流速(m/s)として、最も近い値はどれか。ただし、重力加速度は 10 m/s とする。,4,4,10,12,14,20,,,,,,
2,容積 20 ㎥ の容器に、温度 27 °C で、窒素と水素が総量で40kg 入っている。この混合気体において圧力が0.3 MPa であるとき、体積基準での水素の割合(%)として、最も近い値はどれか。ただし、気体は理想気体とし、気体定数は8.3 J/(mol・K)とする。,5,22,28,33,38,44,,,,,,
2,気体のメタンとプロパンを体積比1:1で混合したガス1 mol を完全燃焼したときに発生する熱(J)として、最も近い値はどれか。ただし、燃焼に関わる物質の標準生成熱(kJ/mol)は以下のとおりとし、(g) は気体状態を、(1) は液体状態を示す。,3,900,1200,1600,2400,3200,,,,,,
2,メタン及び水素が完全燃焼する反応(気体状態)の標準反応熱を、それぞれ -801kJ/mol、-242kJ/mol とするとき、以下に示す反応の標準反応熱(kJ/mol) として、最も近い値はどれか。ただし、(g)は気体状態を示す。,3,-559,-167,167,559,1043,,,,,,
2,メタン 80 vol%、エタン 12 vol%、プロパン 8 vol% からなる混合ガスの空気中における燃焼下限界(vol%)として、最も近い値はどれか。ただし、同条件における単体ガスの燃焼下限界は、メタン 5 vol%、エタン 3 vol%、プロパン 2 vol% とする。,1,4.2,4.3,4.4,4.5,4.6,,,,,,
2,厚さ 50 mm、熱伝導率 1.2 W/(m・K)のコンクリート壁に囲まれた部屋がある。この壁と室内空気との間の熱伝達率が 10 W/(m・K)、壁と外気との間の熱伝達率が 25 W/(m・K)で あるとき、コンクリート壁の熱通過率(W/(m・K))として、最も近い値はどれか。,5,0.02,0.04,0.23,2.5,5.5,,,,,,
2,消費機器の技術上の基準で規定されている次の記述のうち、誤っているものはいくつあるか。,2,(イ)　屋内に設置するガスの消費量が 12kW を超えるガス衣類乾燥機には、排気筒を設けなければならない。ただし、当該燃焼器の構造上その他の理由によりこれによることが困難な場合において、当該燃焼器のための排気フードを設けるときは、この限りでない。,(ロ)　自然排気式の燃焼器の排気筒の天井裏、床裏等にある部分は、燃焼器出口の排気ガスの温度が100°Cを超える場合は、金属材料で覆わなければならない。,(ハ)　自然排気式の燃焼器であって、技術上の基準により排気筒を設けるものは、当該排気筒の有効断面積以上の有効断面積を有する給気口その他給気上有効な開口部を設けた室に設置しなければならない。,(ニ)　屋内に設置する密閉燃焼式ガスふろがまの給排気部の先端は、障害物又は外気の流れによって給排気が妨げられない位置になければならない。,(ホ)　建物区分のうち高層建物(住居の用に供される部分については、調理室に限る。)に設置される燃焼器(屋外に設置するものを除く。)には、自動ガス遮断装置を適切に設け、又は告示で定める規格に適合するガス漏れ警報器を告示で定める方法により設けなければならない。,,,,,,
2,熱硬化性樹脂に関する次の記述について、[   ]の中の(イ)〜(ニ)にあてはまる語句の組合せとして最も適切なものはどれか。,1,(イ)硬化剤 (ロ)不可逆的 (ハ)一回しか行えない (ニ)エポキシ樹脂,(イ)硬化剤 (ロ)不可逆的 (ハ)一回しか行えない (ニ)ポリエチレン樹脂,(イ)硬化剤 (ロ)可逆的 (ハ)何回も行える (ニ)エポキシ樹脂,(イ)可塑剤 (ロ)可逆的 (ハ)何回も行える (ニ)エポキシ樹脂,(イ)可塑剤 (ロ)可逆的 (ハ)何回も行える (ニ)ポリエチレン樹脂,熱硬化性樹脂は、[ (イ) ]あるいは架橋剤によって分子同士が三次元的に結合した樹脂であり、加熱によってさらに三次元化が進み、不溶、不融となる性質を有する。反応は[ (ロ) ]であり、一般に成形は[ (ハ) ]。用途としては、[ (ニ) ]等が配管等の内面コーティング、ライニングの材料として多用されている。,,,,,
2,材料の特性と力学的性質に関する次の記述のうち、誤っているものはどれか。,5,クリープは、一定応力の下で時間とともにひずみが増加する現象である。,引張応力は、力に比例し、原断面積に反比例する。,炭素鋼は、一般に 450 °C 以上では強度が著しく低下する。,アルミニウム合金は、低温用材料として用いることができる。,フェライト鋼のような体心立方晶の金属には、低温ぜい性は認められない。,,,,,,
2,ガス製造所における保安電源に関する次の記述のうち、誤っているものはいくつあるか。,4,(イ)　非常用発電設備の容量選定にあたっては、起動する電動機の起動電流が大きく影響するため、負荷の積み上げ合計値よりも十分大きい定格容量のものが必要になる。,(ロ)　非常用発電設備は、停電時に短時間で起動する必要があることから、原動機にディーゼル機関やガスタービンを用いることはできない。,(ハ)　直流電源装置は、交流を出力する無停電電源装置(UPS)に比べ複雑な回路構成となる。,(ニ)　停電時、UPSでは、蓄電池の放電により整流部を経由して交流出力される。,(ホ)　常用発電設備は、電気事業法の「発電所」には該当しない。,,,,,,
2,ガスの熱量・比重の測定に関する次の記述のうち、誤っているものはいくつあるか。,4,(イ)　ガス事業法では、ガスの熱量はガスクロマトグラフ法によって得られた成分組成から計算によって求める方法と、ブンゼン - シリング法によって測定する方法が規定されている。,(ロ)　ガスクロマトグラフにおいて、試料ガスの各成分の移動速度は、カラム中の固定相に対する溶解性や吸着性が強いほど速くなる。,(ハ)　ガスクロマトグラフの水素炎イオン化検出器(FID)、無機化合物、有機化合物のいずれも検出できるが、一般に熱伝導度検出器(TCD)より感度が低い。,(ニ)　ガスクロマトグラフでは、クロマトグラムのそれぞれのピークの面積を、同一条件下で得られるキャリアガスのピーク面積と比較し、各成分を定量する。,(ホ)　ガス比重とは、同一温度及び同一圧力における等しい体積のガスと乾燥空気の質量の比と定義される。,,,,,,
2,都市ガスの付臭に関する次の記述のうち、誤っているものはいくつあるか。,3,(イ)　付臭剤は、一般に存在するにおい(生活臭)とは明瞭に区別でき、ドキッとさせるインパクトを持った警告臭であり、極めて低い濃度でも特有の臭気が認められる必要がある。,(ロ)　臭気濃度とは、試料ガスを無臭の不活性ガスで徐々に希釈していった場合に、感知できる最大の希釈倍数をいう。,(ハ)　ジメチルサルファイド(DMS)は、比較的土壌透過性が高く、一般に単独で使用される。,(ニ)　液体注入方式の1つであるポンプ注入方式は、小容量のダイヤフラムポンプ等により付臭剤を注入する方式で、ガス量の変動に対応してポンプの吐出バルブの開度を変化させ、ガス中の付臭剤濃度を常に一定に保つことができる。,(ホ)　パネル法は、あらかじめ適正に選定された臭気の判定者4名以上により、においの有無を判定し、ガスの臭気濃度を求める方法である。,,,,,,
2,家庭用ガス機器に関する次の記述のうち、正しいものはいくつあるか。,3,(イ)　オーブンでは、主に放射伝熱により調理が行われる。,(ロ)　Siセンサーコンロ」の標準搭載機能は、調理油過熱防止装置、立ち消え安全装置、消し忘れ消火機能、早切れ防止機能である。,(ハ)　ファンヒーターのメインバーナーには、主に全一次空気燃焼式が用いられている。,(ニ)　気密性が高い部屋でFF暖房機を長時間使用しても、酸欠による事故は起きにくい。,(ホ)　回転ドラム式衣類乾燥機は、空気で希釈された燃焼排ガスにより、ドラムの中の洗濯物を直接乾燥させるものである。,,,,,,
2,製造設備の地震対策に関する次の記述について、[  ]の中の(イ)〜(ニ)に当てはまる語句の組合せとして最も適切なものはどれか。,1,(イ)被害 (ロ)重要度 (ハ)二次災害 (ニ)保安を確保する,(イ)被害 (ロ)形状 (ハ)設備の緊急停止 (ニ)ガス送出を継続する,(イ)設備の変形 (ロ)重要度 (ハ)設備の緊急停止 (ニ)ガス送出を継続する,(イ)設備の変形 (ロ)形状 (ハ)設備の緊急停止 (ニ)保安を確保する,(イ)被害 (ロ)重要度 (ハ)二次災害 (ニ)ガス送出を継続する,地震対策は、① 設備対策、② 緊急対策、③ 復旧対策で構成される。,① 設備対策は、地震による[ (イ) ]を防ぐため、設備の[ (ロ) ]に応じた耐震設計を行い、耐震性能の維持を図るため定期的な維持管理を行うことが基本である。,② 緊急対策は、地震発生時の[ (ハ) ]を防止し、[ (ニ) ]ことが基本である。,③ 旧対策は、緊急措置を講じた後、速やかに被災設備の復旧を図ることを目的とする。,,
2,以下の表は、主なガスメーターの種類ごとの一般的な特徴を示している。3つの特徴をすべて正しく表しているガスメーターの種類はいくつあるか。,2,,,,,,,,,,,
2,A点からB点にガスを 200 m2/h 供給している低圧導管 AB(口径 20 cm、延長 200 m)がある。このとき、A点の圧力 PA は 2.3 kPa、B点の圧力 Ps は 2.1 kPa であった。,4,1.5,1.6,1.7,1.8,1.9,,今、図2のように AB間の中間点(A点から100m)のC点にもガスを200m/h供給することになった。A点の圧力PAが2.3kPaのとき、B点の圧力Pa(kPa)として最も近い値はどれか。ただし、高低差は考慮しないものとする。,,,,
3,製造設備の保全に関する次の記述のうち、誤っているものはいくつあるか。,3,(イ)　エロージョンコロージョンとは、腐食性流体が高流速である場合等、流体の衝突や摩擦等により金属表面から腐食生成物が除去され続け、腐食速度が大きくなる現象をいう。,(ロ)　ステンレス鋼のすきま腐食の原因として、すきま内に塩化物イオンが蓄積するとともに、pH が上昇して不動態が破壊され、すきまの外の部分との間に腐食電池を形成することがあげられる。,(ハ)　粒界腐食とは、金属や合金の粒界又は粒界に沿った狭い部分が優先的に腐食する現象であり、ステンレス鋼がある種の熱影響を受けた後であれば、腐食環境にさらされていなくとも生ずる。,(ニ)　放射線透過試験(RT)は、欠陥の形状をフィルム上に投影された像として見ることができるので、わかりやすくて直観性がある。,(ホ)　超音波探傷試験は、割れのような平面欠陥の検出に適しており、検査できる厚さは他の方法よりも薄い。,,,,,,
3,環境対策及び省エネルギーに関する次の記述のうち、誤っているものはいくつあるか。,1,(イ)　サーマルノックス(Thermal NOx)を抑制する方法として、燃焼炉内に水又は蒸気を直接吹き込み燃焼温度を下げる方法がある。,(ロ)　LNG基地におけるエネルギー使用の合理化に有効な施策として、LNG冷熱利用設備、圧力回収設備、工場温排水利用設備の導入による未利用エネルギーの活用が挙げられる。,(ハ)　モーターのようなコイル要素を持った負荷を運転する場合は、電圧に比べ電流が遅れた波形になるので、進相コンデンサを用いて力率を1に近づけることが省エネルギー上有効である。,(ニ)　液-ガス熱量調整方式は高温熱源を活用するため、プラントの高効率化に資するものである。,(ホ)　空気液化分離において寒冷発生サイクルにLNGの冷熱を直接利用することで、冷凍機等の建設コストの低減が図れる。,,,,,,
3,整圧器に関する次の記述のうち、誤っているものはいくつあるか。,4,(イ)　直動式整圧器は、二次圧力を駆動圧力としているため、作動最小差圧を考慮する必要がある。,(ロ)　分解点検完了後は、ピーク時間帯の作動状況を調べ、異常の無いことを確認することが望ましい。,(ハ)　負荷変動が急激、かつ、大きい一の使用者にガスを供給する整圧器には、静特性に優れた整圧器を選定する。,(ニ)　整圧器の特性として、オフセット及びロックアップは静特性であり、安定性及びシフトは動特性である。,(ホ)　高圧整圧器の付属設備であるラインヒーターは、熱効率のよさ、設置面積の小ささ等の点から一般に整圧器の二次側に設置される。,,,,,,
3,外径200 mm、管厚5mmの導管が内圧 1MPaを受けるときに生じる軸方向の応力(N/㎟)として最も近い値はどれか。,2,(1)　5.0,(2)　9.5,(3)　10.0,(4)　19.0,(5)　20.0,,,,,,
3,導管の工事に関する次の記述のうち、誤っているものはいくつあるか。,2,(イ)　ポリエチレン管の接合方法の1つであるヒートフュージョン接合において、接合面のインジケーターの高さ、幅等により接合後の融着状態を確認した。,(ロ)　架管の施工において、橋台等の壁貫通部にスリーブを設け、スリーブとガス管の隙間には弾力性のあるシール材を隙間なく充てんした。,(ハ)　中圧導管の連絡工事にあたり、整圧器を操作して減圧作業を行った。,(ニ)　エアパージ作業として、気密試験完了後に管内の空気又は不活性ガスを供給ガスに置換した。,(ホ)　道路舗装の復旧範囲について、道路交通法に基づき、所轄の警察署と協議した。,,,,,,
3,溶接と非破壊試験に関する次の記述のうち、正しいものはいくつあるか。,1,(イ)　被覆アーク溶接は、溶接設備が安価であるが、溶接姿勢に制限を受ける。,(ロ)　ティグ溶接は、溶加材を電極とし、不活性ガスでアーク及び溶融池を完全にシールドしているため、不純物が混入せず、高品質な溶接が得られる。,(ハ)　溶接部の構造上の欠陥として、溶込み不良、融合不良、ブローホール、アンダーカット等のきずがある。,(ニ)　放射線透過試験の二重壁片面撮影法は、主に大口径管の場合に用いられる。,(ホ)　超音波探傷試験は、超音波が物質の端面や違う物質に当たると吸収される性質を利用し、内部のきずの存在や位置・大きさを検知する方法である。,,,,,,
3,導管の維持管理に関する次の記述のうち、正しいものはいくつあるか。,3,(イ)　接触燃焼式ガス検知器(識別型ガス検知器)は、ガス中の可燃性ガス濃度を検知することができ、メタンの識別も可能である。,(ロ)　他工事の巡回及び立会業務に従事する者に対しては、防護基準類、各種要領、保安規程等についての教育及び訓練等を実施し、事故防止に努める。,(ハ)　敷地内の他工事対策の1つとして、ガス設備の資産区分、解体、改装時の注意事項等を記載したチラシ等を配付し需要家への注意喚起を図る。,(ニ)　溶接スリーブ工法とは、高圧導管が損傷又は貫通に至った場合に、恒久的な修理を行う前の応急処置である。,(ホ)　サンドブラストによる供給支障は、低圧導管のみに発生する。,,,,,,
3,地震対策に関する次の記述のうち、正しいものはいくつあるか。,3,(イ)　高圧導管のレベル2地震動(ガス導管の供用期間中に発生する確率は低いが、非常に強い地震動)に対する許容ひずみは、3.0%である。,(ロ)　マイコンメーターには、ガスメーターの設置場所において 200 ガルの地震動を瞬間的に検知した場合に遮断する機能がある。,(ハ)　SI値は、地震による一般的な建物の揺れの大きさを評価する指標であり、速度の単位カイン(cm/s) で表わされる。,(ニ)　第1次緊急停止判断の供給停止判断基準値は、供給継続地区の想定被害数が緊急時対応能力の範囲内に収まるように、あらかじめ設定する。,(ホ)　移動式ガス発生設備のうち、空気吸入式(PA式)は、ボンベに圧縮・充てんされた熱量調整・付臭済みの天然ガスを供給するものである。,,,,,,
3,ガスの性質及び燃焼に関する次の記述のうち、正しいものはいくつあるか。,4,(イ)　燃焼過程において発生した熱は、放射や伝導等により周壁や受熱面に伝わって失われるため、理論火炎温度は実際の火炎温度より低い。,(ロ)　メタンと空気との混合ガスの燃焼範囲は、大気圧、室温の環境においてメタン濃度5〜15%である。,(ハ)　不活性ガスを可燃性ガスに混入していくと、燃焼範囲は狭くなる。,(ニ)　ガスが燃焼して発生した熱量のうち、目的以外の物質の加熱に使われたり、排気とともに大気中に逃げてしまった熱量を損失熱量という。,(ホ)　乾き燃焼排ガス量とは、湿り燃焼排ガス量から、燃焼により生成された水(水蒸気)及び燃焼に使われた空気中の湿分を除いたものである。,,,,,,
3,ガスの燃焼及び熱量調整に関する次の記述のうち、正しいものはいくつあるか。,5,(イ)　バーナーの炎口負荷は、インプットに比例し、バーナーの炎口面積に反比例する。,(ロ)　ユニバーサルバーナーは、燃焼速度の異なるガスに対応するために、炎口負荷の適正範囲が広く設計されている。,(ハ)　熱量調整前後においてインプットを一定にするためには、ウォッベ指数やガス圧力に応じてガス機器のノズル口径を変更する必要がある。,(ニ)　ブンゼンバーナーでは、ウォッベ指数が低下した場合、フラッシュバックしやすくなる。,(ホ)　現在は、国内すべての都市ガス事業者において、一酸化炭素を含まないガスへの燃料転換が完了している。,,,,,,
3,家庭用ガス温水機器及びそれに使われる技術に関する次の記述のうち、正しいものはいくつあるか。,4,(イ)　潜熱回収型温水機器の排気温度は、従来型温水機器の排気温度に比べて低い。,(ロ)　現在販売されている開放式小型湯沸器には、10万回を超える使用を知らせるタイムスタンプ機能が搭載されている。,(ハ)　バーナーの低NOx化技術は、ブンゼンバーナーの空気過剰率を低くすると火炎温度が高くなり、NOx濃度が低下する現象を利用している。,(ニ)　給湯器の「Q機能」は、再出湯時の冷水サンドイッチ現象を防止する機能である。,(ホ)　2缶3水の給湯暖房用熱源機には、燃焼により加熱される2つの熱交換器のほかに、温水により加熱される熱交換器が備わっている。,,,,,,
3,法令で規定されているガス事業法の目的に関する次の記述について、[   ]の中の(イ)~(ホ)の語句のうち、正しいものはいくつあるか。,1,,,,,,この法律は、[ (イ)国の関与を最小限に ]することによって、[ (ロ)ガス事業者の自主保安体制を確立 ]し、及びガス事業の健全な発達を図るとともに、[ (ハ)ガス主任技術者 ]、並びに[ (ニ)保安規程 ]に よって、公共の安全を確保し、あわせて[ (ホ)公害の防止 ]を図ることを目的とする。,,,,,
3,法令で規定されているガス小売事業者が行う供給条件の説明、熱量等の測定、及び成分の検査に関する次の記述のうち、正しいものはいくつあるか。,4,ガス小売事業者は、小売供給を受けようとする者と小売供給契約の締結をしようとするときは、経済産業省令で定めるところにより、当該小売供給に係る料金その他の供給条件について、経済産業大臣に届け出なければならない。,ガス小売事業者は、経済産業省令で定めるところにより、その供給するガスの熱量、圧・力及び燃焼性を測定し、その結果を記録し、これを保存しなければならない。,特定ガス発生設備に係る場合にあっては、供給するガスの燃焼性を測定することを要しない。,ガス小売事業者は、経済産業省令で定めるところにより、その供給するガスの成分のうち、人体に危害を及ぼし、又は物件に損傷を与えるおそれがあるものの量が経済産業省令で定める数量を超えていないかどうかを検査し、その量を記録し、これを保存しなければならない。,天然ガスを主成分とするガスにあっては、硫黄全量、硫化水素及びアンモニアの成分検査を要しない。,,,,,,
3,次のガス事故のうち、ガス事故速報を報告することが法令で規定されているものはいくつあるか。,5,ガス工作物(ガス栓を除く。)の損傷により人が死亡した事故,工事中のガス工作物(ガス栓を除く。)の損壊により人が負傷した事故,供給支障事故であって、供給支障戸数が 500以上のもの,最高使用圧力が中圧の主要なガス工作物(ガス栓を除く。)の損壊事故,ガス栓の損壊によりガス栓から漏えいしたガスに引火することにより、発生した負傷事故,,,,,,
3,法令で規定されているガス主任技術者に関する次の記述のうち、正しいものはいくつあるか。,3,ガス工作物の設置の工事であって、経済産業省令で定める工事に従事する者は、ガス主任技術者でなければならない。,一般ガス導管事業者は、ガス主任技術者を選任するときは、事前にその旨を経済産業大臣に届け出なければならない。これを解任するときも、同様とする。,ガス主任技術者試験は、ガス工作物の工事、維持及び運用に関する保安に関して必要な知識及び技能について行う。,ガス主任技術者は、誠実にその職務を行わなければならない。,経済産業大臣は、ガス主任技術者がこの法律に違反したときは、一般ガス導管事業者に対し、ガス主任技術者の解任を命ずることができる。,,,,,,
3,ガス機器の給排気方式に関する次の記述のうち、正しいものはいくつあるか。,2,(イ)　自然排気式機器及び自然給気式機器では、高温度で膨張している燃焼排ガスに働く浮力を利用して排気が行われる。,(ロ)　自然排気式機器のバフラーには、排気に必要なドラフトを生じさせる役割がある。,(ハ)　自然排気式機器及び強制排気式機器の排気筒トップは、風圧帯内に設置することができる。,(ニ)　共用給排気ダクトに機器を設置する場合には、低酸素濃度下での燃焼検査に合格した半密閉式機器を用いる。,(ホ)　強制給排気式機器は、給排気筒を延長できるため、機器本体は外壁に面して設置する必要がない。,,,,,,
3,ガス機器の安全装置及び制御装置に関する次の記述のうち、正しいものはいくつあるか。,1,(イ)　給湯器の空だき防止装置は、水量センサーで給湯器の最高作動水量を検知して、ガス電磁弁を開閉するものである。,(ロ)　開放式小型湯沸器の不完全燃焼防止装置は、酸欠状態になるとバーナーの炎が短くなる現象を利用している。,(ハ)　消し忘れ防止装置は、長時間使用による事故を未然に防止する効果があり、開放式小型湯沸器やこんろに搭載されているが、ファンヒーターには搭載されていない。,(ニ)　温度制御に用いられるサーミスターは、温度変化に対して抵抗値が正の特性を持つ。,(ホ)　水量制御装置には、機械的に水量を制御するものと、電気的に水量を制御するものとがある。,,,,,,
3,接続具及び警報器に関する次の記述のうち、正しいものはいくつあるか。,2,(イ)　ガスコードでは、一般にガス機器側のソケットが自在になっている。,(ロ)　ガスソフトコードは、ガスコンセントに接続して用いられる。,(ハ)　金属可とう管には、屋内用のものと、屋内及び屋外兼用のものとがある。,(ニ)　ガス警報器は、メタン濃度が爆発下限界の一に相当する 2.5%程度で鳴り始めるよう調整されている。,(ホ)　業務用換気警報器は、血中一酸化炭素ヘモグロビン濃度の推定演算を行い、その値が設定値に達したときに警報を発する。,,,,,,
3,法令で規定されている工事計画及び使用前検査に関する次の記述について、[   ]の中の(イ)~(ホ)の語句のうち、誤っているものはいくつあるか。,5,,,,,,ガス製造事業者は、ガス製造事業の用に供するガス工作物の設置又は変更の工事であって、経済産業省令で定めるものをしようとするときは、その工事の計画を経済産業大臣に届け出なればならない。,その届出をした者は、その届出が受理された日から [ (イ)15日 ]を経過した後でなければ、その届出に係る工事を開始してはならない。,ガス製造事業者は、経済産業省令で定めるものの工事について自主検査を行い、その結果 について[ (口) 経済産業大臣 ]が行う検査を受け、これに合格した後でなければ、これを使用してはならない。ただし、ガス工作物を[ (ハ)緊急時 ]に使用する場合(そのガス工作物に係るガスを使用者に供給する場合にあっては、当該ガス工作物の使用の方法を変更するごと にガスの[ (二)燃焼性 ]を測定して供給する場合に限る。)は、この限りでない。,ガス製造事業者は、経済産業省令で定めるところにより、自主検査の記録を作成し、これを[ (ホ)3 ]年間保存しなければならない。,,
3,ガス工作物及び保安物件に関する次の記述のうち、技術基準で規定されているものはいくつあるか。ただし、ガス工作物は、不活性のガス(空気を含む。)又は不活性の液化ガスのみを通ずるものではない。,1,ガス発生器及び増熱器は、その製造所の敷地境界から保安物件に対し告示で定める距離を有しなければならない。,劇場、映画館、演芸場、公会堂その他これらに類する施設であって、その用途に供する部分の床面積の合計が、1000 m2 以上のものは、第1種保安物件に該当する。,ガスの種類、ガス工作物の状況、周囲の状況等の理由によりあらかじめ経済産業大臣に届け出た場合は、告示で定める距離を有しないでガス工作物を施設することができる。,製造所には、液化ガスを通ずるガス工作物から漏えいしたガスが滞留するおそれのある製造所内の適当な場所に、当該ガスの漏えいを適切に検知し、かつ、警報する設備を設けなければならない。,ガス発生設備及び附帯設備であって製造設備に属するものの液化ガスを通ずる部分は、液化ガスを廃棄できる構造でなければならない。,,,,,,
3,技術基準で「ガス工作物のうち、耐圧部分及び液化ガスを通ずる部分は、適切な方法により耐圧試験を行ったときにこれに耐えるものでなければならない。」と規定されている。次のガス作物のうち、耐圧試験が不要なものはいくつあるか。,3,液化ガス用ポンプ,昇圧供給装置,整圧器,溶接により接合された海底に設置される導管であって、非破壊試験を行ったときこれに合格したもの,最高使用圧力が中圧の導管であってそれらの継手部と同一材料、同一寸法及び同一施工方法で接合された試験のための管について、適切な機械試験により確認されたもの,,,,,,
3,技術基準で規定されているガス工作物に関する次の記述のうち、正しいものはいくつあるか。,2,製造設備を安全に停止させるのに必要な装置その他の製造所及び供給所の保安上重要な設備には、停電等により当該設備の機能が失われることのないよう適切な措置を講じなければならない。,移動式ガス発生設備には、設備の損傷を防止するため使用の状態を記録できる適切な措置が講じられていなければならない。,製造所に設置する遮断装置には、誤操作を防止し、かつ、確実に操作することができる措置を講じなければならない。,特定事業所に設置する高圧又は中圧のガスを通ずるガス工作物に係る計装回路には、当該設備の態様に応じ、保安上重要な箇所に、適切なインターロック機構を設けなければならない。,ガスホルダーであって、凝縮液により機能の低下又は損傷のおそれがあるものには、ガスホルダーの凝縮液を気化する装置を設けなければならない。,,,,,,
3,法令で規定されている保安業務規程に関する記述のうち、誤っているものはいくつあるか。,3,ガス小売事業者は、経済産業省令で定めるところにより、保安業務規程を定め、その事業の開始前に、経済産業大臣に届け出なければならない。,ガス小売事業者は、保安業務規程を変更しようとするときは、事前に変更する事項を経済産業大臣に届け出なければならない。,経済産業大臣は、保安業務の適正な実施を確保するため必要があると認めるときは、ガス小売事業者に対し、保安業務規程を変更すべきことを命ずることができる。,ガス小売事業者及びその従業者は、保安業務規程を守らなければならない。ただし、災害その他非常の場合であって、ガス小売事業者及びその従業者が行う安全の確保及び応急 措置については、この限りでない。,ガス小売事業者が定める保安業務規程には、保安業務を管理する事業場ごとのガス主任技術者の選任に関することを定めなければならない。,,,,,,
3,技術基準で規定されているガス発生設備に関する次の記述のうち、誤っているものはいくつあるか。,2,最高使用圧力が低圧の移動式ガス発生設備であって過圧が生ずるおそれのあるものには、その圧力を逃がすために適切な圧力上昇防止装置を設けなければならない。,移動式ガス発生設備は、ガスが漏えいした場合の火災等の発生を防止するため、適切な場所に設置し、容易に移動又は転倒しないように適切な措置が講じられていなければならない,ガスの通ずる部分に直接液体を送入する装置を有する製造設備(移動式ガス発生設備を含む。)は、送入部分を通じてガスが逆流することによる設備の損傷又はガスの大気への放出を防止するため逆流が生じない構造のものでなければならない。,気化装置又はそれに接続される配管等には、気化装置から液化ガスの流出を防止する措置を講じなければならない。ただし、気化装置からの液化ガスの流出を考慮した設計である場合は、この限りでない。,容器に附属する気化装置内においてガスを発生させる特定ガス発生設備であって当該気化装置を電源によって操作するものは、自家発電機その他の操作用電源が停止した際にガスの供給を速やかに停止するための装置を設けなければならない。,,,,,,
3,技術基準で規定されているガス遮断装置に関する次の記述のうち、正しいものはいくつあるか。,2,最高使用圧力が中圧の本支管には、危急の場合に、ガスを速やかに遮断することができる適切な装置を適切な場所に設けなければならない。,最高使用圧力が低圧の本支管であって、特定地下街等へのガスの供給に係るものには、当該特定地下街等において災害が発生した場合に、当該特定地下街等へのガスの供給を当該特定地下街等以外の供給に影響を与えることなく遮断することができる適切な措置を講じなければならない。,最高使用圧力が中圧の導管であって、ガスの使用場所である特定公共用建物にガスを供給する導管には、危急の場合にガスを速やかに遮断することができる適切な装置を適切な場所に設けなければならない。,ガスの使用場所である地下室等にガスを供給する導管には、その地下室等から十分離れた適切な場所に、危急の場合に当該地下室等へのガスの供給を地上から速やかに遮断することができる適切な装置を設けなければならない。,最高使用圧力が中圧の導管であって、廃棄物処理場にガスを供給するものには、その導管が当該建物の外壁を貫通する箇所の付近に、危急の場合に当該建物へのガスの供給を、当該建物内におけるガス漏れ等の情報を把握できる適切な場所から、直ちに遮断することができる適切な装置を設けなければならない。,,,,,,
3,技術基準で規定されている導管の漏えい検査に関する次の記述のうち、漏えい検査の対象から除外されているものはいくつあるか。ただし、導管は、道路に埋設されている導管からガス栓までに設置されており、特定地下室等にガスを供給する導管とする。,4,適切な漏えい検知装置が適切な方法により設置されている場合(当該装置が漏えいを検知することができる部分に限る。) ,導管が設置されている場所に立ち入ることにつき、その所有者又は占有者の承諾を得ることができない場合,屋外において、埋設されていない部分がある場合(当該埋設されていない部分に限る。),ポリエチレン管を使用している場合(当該使用している部分に限る。),導管に絶縁措置が講じられており当該絶縁措置が講じられた部分からガス栓までの間でプラスチックにて被覆された部分,,,,,,
3,技術基準に規定されているガス事業者の掘削により周囲が露出することとなった導管の防護の基準、整圧器及び昇圧供給装置に関する次の記述のうち、誤っているものはいくつあるか。,1,露出している部分がガスの供給の用に供されている導管の印ろう型接合による接合部には、漏えいを防止する適切な措置を講ずること。,露出している部分がガスの供給の用に供されている直管以外の管の接合部であって、特定接合又は告示で定める規格に適合する接合以外の方法によって接合されているものには、抜出しを防止する適切な措置を講ずること。,導管(最高使用圧力が低圧の導管であって、内径が 100 mm 未満のものを除く。)であって、露出している部分の長さが 100 m 以上であり、かつ、当該部分がガスの供給の用に供されているものについては、危急の場合に当該部分に流入するガスを速やかに遮断することができる適切な措置を講ずること。,一の使用者にガスを供給するための整圧器には、ガスの圧力が異常に低下した場合に供給を維持する装置を設けること。,昇圧供給装置には、当該装置の運転異常又は当該装置の取扱いにより障害を生じないよう、適切な措置を講じなければならない。,,,,,,
4,法令で規定されているガス用品等に関する次の記述のうち、正しいものはいくつあるか。,4,「特定ガス用品」とは、構造、使用条件、使用状況等からみて特にガスによる災害の発生のおそれが多いと認められるガス用品であって、政令で定めるものをいう。,ガス用品の製造又は輸入の事業を行う者は、経済産業省令で定めるガス用品の型式の区分を経済産業大臣に申請し認められなければならない。,届出事業者は、届出に係る型式のガス用品を試験用に製造又は輸入する場合においては、経済産業省令で定める技術上の基準に適合することを要しない。,届出事業者は、その届出に係る型式のガス用品の経済産業省令で定める技術上の基準に対する適合性について、規定による義務を履行したときは、当該ガス用品に経済産業省令で定めるところにより、表示を付することができる。,ガス用品が経済産業省令で定める技術上の基準に適合していない場合において、災害の発生を防止するため特に必要があると認めるとき、経済産業大臣は届出事業者に対し、1年以内の期間を定めて届出に係る型式のガス用品に表示を付することを禁止することができる。,,,,,,
4,法令で規定されている消費機器の技術上の基準に関する次の記述のうち、正しいものはいくつあるか。,2,ガスの消費量が7kW の屋内に設置するガス衣類乾燥機で、密閉燃焼式でないものには、当該燃焼器に接続して排気筒を設けること。,排気扇を接続している自然排気式の燃焼器の排気筒の有効断面積は、当該燃焼器の排気部との接続部の有効断面積より小さくないこと。,強制排気式の燃焼器の排気筒が外壁を貫通する箇所には、当該排気筒と外壁との間に排気ガスが屋内に流れ込む隙間がないこと。,燃焼器の排気筒に接続する排気扇には、これが停止した場合に当該燃焼器へのガスの供給を自動的に遮断する装置を設けること。,燃焼器であって、建物区分のうち特定地下街等に設置するものには、告示で定める規格本題に適合する自動ガス遮断装置を告示で定める方法により設けること。,,,,,,
4,液化メタン 1㎡ を気化させて、温度 27 °C、圧力 100 kPa の状態にしたときの体積(㎥)として最も近い値はどれか。ただし、液化メタンの液密度は 416kg/㎡、気体定数R = 8.3J/(mol・K)とする。,3,240,590,650,1560,3760,,,,,,
4,気体の諸性質に関する次の記述のうち、誤っているものはどれか。,2,実在気体の状態式として知られるファン・デル・ワールスの状態式は、分子間引力と気体分子の体積を考慮して理想気体の状態方程式を補正する式である。,シャルルの法則によれば、温度が一定の場合、気体の体積は圧力に反比例する。,ラウールの法則によれば、希薄溶液の蒸気圧降下は不揮発性の溶質の種類に無関係で、溶質のモル分率に比例する。,ヘンリーの法則によれば、溶解度が小さい場合、一定の温度で一定質量の液体に溶解する気体の質量は、気体の圧力に比例する。,ドルトンの分圧の法則によれば、混合気体全体の圧力(全圧)は、各成分気体の分圧の和である。,,,,,,
4,水素と窒素を体積比1:4で混合したガスを、内容積 1.0 ㎥ の空の圧力容器に充てんした。充てん後の圧力容器の質量は 46 kg 増加した。充てん後の圧力容器内の圧力(MPa)として最も近い値はどれか。ただし、容器内の混合ガスの温度は 27 °C、混合ガスは理想気体と し、気体定数 R = 8.3J/(mol・K)とする。,5,0.5,1,2,4,5,,,,,,
4,温度0°C、圧力 100kPa の気体3㎥を定圧膨張させて6㎥にした。このとき気体に与えられた熱量(MJ)として最も近い値はどれか。ただし、気体は理想気体とし、定圧モル熱容量 C= 29.2 J/(mol・K)、気体定数 R = 8.3J/(mol・K)とする。,3,0.1,0.5,1.1,1.5,2,,,,,,
4,温度300 K、圧力 100 kPaの空気1m2を断熱圧縮して0.95 m2 にした。このときの空気の温度(K)として最も近い値はどれか。ただし、空気の比熱比は1.40 とする。また、xの絶対値が1より十分小さいとき、 (1 + x)ⁿ = 1 + nx と近似できるものとする。,2,300,306,309,315,321,,,,,,
4,混合気体(CO:1.2 mol、H2O:1.2 mol)を用いて、次の CO シフト反応を進行させた。,3,1,5,25,50,100,CO(g) + H20(g) → CO2(g) + H2(g),平衡状態における CO が0.2 molである場合、平衡定数(圧平衡定数)として最も近い値はどれか。,,,,
4,一次反応において、反応物が 50%反応するのに 100秒を要した。87.5% 反応するのに要する時間(秒)として最も近い値はどれか。,5,138,175,200,250,300,,,,,,
4,プロパン 40 vol%、窒素 40 vol%、酸素 20 vol% からなる混合ガス1㎥ を空気比1で完全燃焼させるのに必要な空気量(㎥)として最も近い値はどれか。ただし、混合ガス及び空気は標準状態(0°C、101325 Pa) とし、空気中の酸素濃度は 20 vol% とする。,1,9,9.5,10,10.5,11,,,,,,
4,メタンとプロパンの混合ガスの空気中における燃焼下限界が3.8 vol% のとき、メタン(vol%)とプロパン(vol%)の混合組成として最も近い値はどれか。ただし、単体ガスの燃焼下限界は、メタン 5.0 vol%、プロパン 2.0 vol% とする。,5,メタン20、プロパン80,メタン40、プロパン60,メタン50、プロパン50,メタン60、プロパン40,メタン80、プロパン20,,,,,,
4,内径10cm の直円管内を流体が質量流量 10 kg/sで流れているときの平均流速(m/s)として最も近い値はどれか。ただし、流体の密度は 1000kg/㎥ とする。,4,1,1.1,1.2,1.3,1.4,,,,,,
4,管内の流れに関する次の記述のうち、誤っているものはどれか。,5,流体の粘性は、圧力損失の原因となる。,内径が縮小する部分では、圧力損失が大きく生じる。,オリフィスメーターを用いると、配管内の平均流速を測定することができる。,ピトー管を用いると、配管内のある1点の流速を測定することができる。,急拡大管(ディフューザ)の機能は、下流で圧力を急激に低下させるものである。,,,,,,
4,平均熱伝導率0.2W/(m・K)で厚さ0.1mの平板壁の高温側表面温度が300°C、低温側表面温度が50°Cであった。このとき平板壁を通過する熱流束(W/㎡)として最も近い値はどれか。,4,125,150,250,500,600,,,,,,
4,直円管内の完全に発達した流れにおける管摩擦係数に関する次の記述のうち、誤っているものはどれか。,4,層流の場合、管摩擦係数はレイノルズ数に反比例して小さくなる。,乱流で管壁面が粗い場合、レイノルズ数が十分に大きいと管摩擦係数はレイノルズ数に依存しなくなる。,乱流で管壁面が粗い場合、管摩擦係数は管壁面粗さが大きいほど大きくなる。,乱流で管壁面が滑らかな場合、管摩擦係数はレイノルズ数に比例して大きくなる。,ファニングの式の管摩擦係数はダルシー・ワイスバッハの式の管摩擦係数の一である。,,,,,,
4,伝熱に関する次の記述のうち、誤っているものはどれか。,4,物質を構成する粒子間の相互作用によって熱が移動する伝熱形態は、熱伝導である。,対流熱伝達は、自然対流と強制対流、相変化を伴う沸騰と凝縮等の様々な形態がある。,熱交換器は隔壁を通して高温流体より低温流体へ熱エネルギーを移動させ、加熱又は冷却を行わせる伝熱装置である。,加熱された流体が、浮力によって、鉛直上方に流れる対流現象は強制対流である。,熱放射は、物体が電磁波を発して直接的に空間を熱エネルギーが移動し、他の物体に吸収される伝熱現象である。,,,,,,
5,ガスと水が同方向に流れる熱交換器において、ガスの入口温度 500 °C、水の入口温度 20°C としたところ、ガスの出口温度は 160 °C、水の出口温度は 80 °C、伝熱量は 9.0kW となった。熱通過率 Kを8.1 W/(㎡・K)とすると、伝熱面積(㎡)として最も近い値はどれか。ただし、In 6 = 1.8とする。,2,1.5,5,12,15,20,,,,,,
5,材料の特性と力学的性質に関する次の記述のうち、誤っているものはどれか。,1,延性材料とは、破断するまでにほとんど塑性変形を伴わない材料である。,外力に対する軟鋼の変形は、比例限度まではフックの法則に則る。,応力に伴って生ずる変形量の変形前長さに対する割合をひずみという。,材料に外力を加えると内力が生じる。この内力を応力と呼び、単位断面積あたりの力として表す。,高分子材料の応力ひずみ線図では、軟鋼のような明瞭な降伏点が見られない場合がある。,,,,,,
5,構造物を構成するそれぞれの材料が安全上許容できる限度の応力を許容応力といい、基準強さ(破損限度)を安全係数で除して求められる。使用状況と基準強さ(破損限度)との組合せとして、誤っているものはどれか。,1,繰返応力を受けるとき   ---   破壊強さ,ぜい性材料が常温において静荷重を受けるとき   ---   破壊強さ,高温において静荷重を受けるとき   ---   クリープ破壊応力,延性材料が常温において静荷重を受けるとき   ---   耐力,延性材料が常温において静荷重を受けるとき   ---   降伏点,,,,,,
5,都市ガスの製造設備に関する次の記述のうち、誤っているものはいくつあるか。,3,金属二重殻式平底円筒形LNG貯槽は、気圧変化による内外槽間の窒素ガスの圧力変化を吸収するため、ブリージングタンクと呼ばれるクッションタンクが付属している。,往復式BOG圧縮機でガスを圧縮する場合、圧力が高くなりガスの温度が低下するので、多段圧縮の際は、中間加熱器を用いる。,遠心式BOG圧縮機は、弁操作等で容量調整は比較的容易であるが、流量を絞りすぎるとキャビテーションが起こる可能性がある。,サブマージド式LNG気化器は、オープンラック式LNG気化器と比べて運転費が安いため、ベースロード用に用いられることが多い。,大口径LNG配管においては、直接低温液を導入することによりボーイング現象(配管が弓状に持ち上がる現象)が発生する。このため一般的には低温のガスを用いてプレクールを行う。,,,,,,
5,都市ガスの原料としての LNG に関する次の記述のうち、誤っているものはいくつあるか。,3,LNGは貯蔵中に外部からの入熱により沸点の高いメタンを主とするボイルオフガス(BOG)が発生するため、LNGの液密度が低下する。,LNGは液化工程において、CO2、HS、水分、重質炭化水素、水銀等の不純物が除去されている。,管路内を流れるLNGを急激に締め切ったときに、流体の慣性で管内に衝撃と高圧が発生する現象をガイザリングという。,LNGは水と反応して氷に似た水和物を生成し、配管の閉そく等のトラブルを起こすので、LNGを取り扱う前に機器内を十分乾燥させる必要がある。,国内で就航中のLNG内航船の貨物タンクは、メンブレン方式が採用されており、航海中に発生するボイルオフガス(BOG)はタンクに蓄圧される。,,,,,,
5,製造所の計装設備及び電気設備に関する次の記述のうち、誤っているものはいくつあるか。,5,測温抵抗体式温度計は、金属の電気抵抗値が温度上昇によって低下する特性を利用し、測定するものである。,超音波式流量計は、流体が腐食性のものやスラリー状のもの及びダスト含有のものの影響は受けないが、温度・密度・粘度の影響は受けやすい。,電気を安全に適正に利用するためには、電気回路以外の部分へ電気が漏れないようにすることが必要であり、配線や機器では電線相互間、電線と大地間は、電気抵抗の小さい物を用いて相互を絶縁する。,非常用発電設備は、停電時に短時間で起動する必要があることから、原動機にはディーゼル機関やガスエンジンを用いることはできない。,無停電電源装置(UPS)は、鉛蓄電池、アルカリ蓄電池等の蓄電池とVVVF(可変電圧可変周波数装置)から構成される。,,,,,,
5,都市ガスの熱量調整に関する次の記述のうち、誤っているものはいくつあるか。,4,空気を用いて高発熱量ガスを希釈し熱量を調整する場合、燃焼速度(MCP)は速くなる。,空気を用いて高発熱量ガスを希釈し熱量を調整する場合、ウォッベ指数(WI)は変化しない。,LNGをLPG で熱量調整する場合、ガス - ガス熱量調整方式は、液-ガス熱量調整方式に比べ、ランニングコストが低い。,液 - ガス熱量調整方式は、LPGを気化させるための熱源として気化された天然ガス(NG)の潜熱を利用しているため、NGの温度による運転範囲の制限を受ける場合がある。,液 - 液熱量調整方式は、LNGにLPGを液体のまま混合するため、LPG中に含まれる可能性のある不純物成分の凍結による閉そく対策等が必要となる場合がある。,,,,,,
5,都市ガスの付臭に関する次の記述のうち、誤っているものはいくつあるか。,3,臭気濃度とは、試料ガスを無臭の空気で徐々に希釈していった場合に、感知できる最大の希釈倍数をいう。,ガスの臭気濃度は、低すぎると漏えいを検知しにくくなることがあるが、高すぎても特に問題は生じない。,ターシャリーブチルメルカプタン(TBM)、ジメチルサルファイド(DMS)、シクロヘキセンのうち、比較的土壌透過性が高いのはTBMである。,ターシャリーブチルメルカプタン(TBM)、ジメチルサルファイド(DMS)、シクロヘキセンは、いずれも構成元素に硫黄(S)を含む。,蒸発方式の付臭設備では、沸点が大きく異なる付臭成分を混合した付臭剤を使用した場合、各成分の蒸気圧が異なるため均一な付臭が難しくなる。,,,,,,
5,製造所の保安設備に関する次の記述のうち、誤っているものはいくつあるか。,2,ガス工作物のガス又は液化ガスを通ずる部分には、点検や修理時等に可燃物を安全に置換できるように、ガス抜き口や不活性ガスの注入口等を設置しなければならない。,停電によりガス工作物の機能が失われず、そのままガス送出を継続するために、保安電力の確保等が必要である。,人為的なミスや機器の故障時等に保安の確保を確実にするため、計装回路のうち保安上重要な箇所には、適切なインターロック機構を設ける。,LNG1次受入基地用アンローディングアームには、緊急時の安全対策として、緊急遮断システム(ESDS)や緊急離脱装置(ERS)がある。,低気温発生時、水配管は凍結防止対策等が必要であるが、LNG気化器はLNGが超低温であるため、特段の注意は必要ない。,,,,,,
5,製造設備の建設及び操業に関する次の記述のうち、誤っているものはいくつあるか。,4,レベル2地震動に対しては、構造物に変形は生じるが倒壊、漏えいは生じず、人身事故を防止するように耐震設計を行うこととしており、材料の弾性限界内での設計法(弾性設計法)により耐震性能を評価する。,個別設備の稼働調整方式のうち、圧力制御方式では、設備の運転負荷を一定に保つことができるが、急激な需要変動に追従できない可能性がある。,定期修理計画の策定にあたり、需要に対して必要な製造能力を確保できない場合は、検査期限を超えて実施する計画とすることもやむを得ない。,製造設備を安全かつ円滑に運転するため、あらかじめ運転管理基準、運転操作要領等を作成し、それに従って関係者の教育・訓練、及び日常の監視、現場パトロール等を実施し、適切な管理を行う。,警報や異常が発生した場合にはその初期段階で適切な処置を行うが、やむを得ず製造設備を緊急停止する場合は、定められた手順にこだわらず運転員の判断で停止させる。,,,,,,
5,製造設備の保全に関する次の記述のうち、誤っているものはいくつあるか。,1,生産保全とは、予防保全と事後保全をバランス良く実施するだけでなく、設備の改良活動や新設備の建設までさかのぼり経済性を追求しようとする保全の考え方で、予防保全(PM)、事後保全(BM)、改良保全(CM)、保全予防(MP)の4つを柱としている。,リスクベース保全(RBM)は、高経年化した設備の各部位に対する保全の重要度、緊急度を損傷事例や寿命評価理論を基に評価し、(リスク) = (発生した場合の影響度) × (発生確率)で表して優先度をつける保全方式である。,鉄鋼材料では、繰り返し荷重を加えてもある応力振幅以下では無限に繰り返しても破断しない。この応力振幅を疲労限度という。アルミニウム合金等の非鉄合金では明確な疲労限度が存在しない。,局所的に深い孔状の浸食を生じる形式の腐食を孔食という。炭素鋼の孔食はしばしば通気差電池の形成によって生じる。通気差電池とは溶存酸素の供給が部分によって異なる結果、生成する腐食電池のことである。,ポンプ、圧縮機の軸封部のうちグランドパッキン方式やメカニカル方式については、漏れが生じた場合、増締めにより止まることもあるが、ほとんどの場合には劣化しているため、取り替える必要がある。,,,,,,
5,環境対策及び省エネルギーに関する次の記述のうち、誤っているものはいくつあるか。,2,二段燃焼とは、燃焼空気を二段に分けて供給しNOxの生成を抑制する方法であり、一段目で計算上必要とされる量より多い空気で燃焼させ、二段目でさらに空気を送り完全燃焼させる。,燃焼排ガスの脱帽法のうち、多くは、還元剤としてアンモニア、尿素等を用いて排ガス中のNOxを選択的に窒素に還元する乾式法が利用されている。,SS とは水中に浮遊又は懸濁している直径2mm以下の粒子状物質のことで、水の外見上のきれいさを決める要件の一つで、懸濁物質と呼ばれることもある。,LNGの冷熱利用は省エネルギーの有効な手段であり、一般にLNGの冷熱エネルギーの40~50% は、ガス送出圧力エネルギーとして回収されており、残りの未利用の冷熱エネルギーの利用が工夫されている。,ポンプの流量を制御する方式のうち、流路に調節弁を設けて開閉により行う流量制御方式は、流量を絞った場合に調節弁での動力損失が少なく、駆動電動機の回転数を制御する方式と同等の省エネルギー効果が得られる。,,,,,,
5,整圧器に関する次の記述のうち、誤っているものはいくつあるか。,2,フィッシャー式整圧器は、需要家のガス使用量が増加するとパイロットダイヤフラムが降下し、駆動圧力が上昇する。,直動式整圧器は、一次圧力が変化するとメインバルブの平衡位置が変化するため二次圧力もシフトする。,パイロット式アンローディング型整圧器は、メインバルブが全閉時に駆動圧力が最も高くなるため、駆動圧力以上の一次圧力が確保されないとメインバルブが閉止不能となる。,レイノルド式整圧器の二次圧異常上昇の原因として、低圧補助ガバナ(パイロット)の締め切り不良が考えられる。,アキシャルフロー式(軸流式)整圧器は、二次圧力が設定圧力を下回ったとき、パイロットダイヤフラムを押し上げる力がパイロットスプリングの力に打ち勝ち、パイロット系を流れるガスの流量を増加させる。,,,,,,
5,ガスメーターの構造及び機能に関する次の記述のうち、誤っているものはいくつあるか。,3,回転子式ガスメーターは、メーター前後に直管が必要であり、ガスの圧力が高い場合には圧力補正装置を取り付けて使用する。,渦流式ガスメーターは、カルマン渦の発生周波数から積算流量を測定する。,サーマルフロー式ガスメーターは、ダスト・ミストの影響を避けるための専用のフィルターが必要である。,タービン式ガスメーターは、流れの中に置いた羽根車の回転速度が流量に比例する原理を利用したメーターで、流量を容積計量する。,超音波式ガスメーターは、超音波を用いて流量を推測計量する。,,,,,,
5,腐食と防食に関する次の記述のうち、正しいものはいくつあるか。,1,選択排流法とは、導管と電気鉄道のレールを接続する回路に直流電源装置を入れることで、レールに排流する方法である。,電気防食により管の電位を下げ過ぎると、鋼の表面に水素ガスが発生し、鋼の組織に拡散するとともに、塗覆装の剥離が発生しやすくなる。,鋳鉄管と鋼管が電気的に接続されている場合、鋳鉄管がアノードとなり腐食する傾向がある。,地表面電位勾配とは、土壌、コンクリート等の電解質に設置した照合電極に対する導管の電位である。,管路調査では、管路における防食状況(塗覆、電気防食、絶縁)及びマクロセル腐食でアノード部となるコンクリート貫通部等を調査する。,,,,,,
6,導管の工事に関する次の記述のうち、誤っているものはいくつあるか。,2,低圧管のガスの遮断に際し、ノーブロー工法を用いて、作業時の管内圧力の急激な変化や漏出ガスによる臭気の発生を防止した。,中圧管の切断連絡に際し、バルブ操作により低圧の所定の圧力まで減圧したので、ガスバッグで遮断した箇所に放散管を設置しなかった。,電気防食を施した鋼管の切断にあたって、電気防食施設の電源を切っておき、さらに切断予定箇所の両端を短絡させた。,溶接部等の放射線透過試験を行うために、エックス線管の焦点又は放射線源から3m以内のエリアを立入禁止区域として明示し、放射線業務従事者以外の第三者の立入を禁止した。,バルブピット内の作業に際し、酸素欠乏による災害を防止するため、常時作業の状況を監視し、異常時には直ちに応急措置及び関係者への通報ができるよう作業を2名で行った。,,,,,,
6,溶接と非破壊試験に関する次の記述のうち、誤っているものはいくつあるか。,4,被覆アーク溶接は、心線に被覆剤(フラックス)を塗った溶接棒自体を電極として、母材と溶接棒の間隙にアークを発生させ、溶接棒がアークの熱によって溶け、母材の一部と融合することで溶接する。,ティグ溶接は、電極と母材間でアークを発生させ、母材上の溶融池にワイヤを供給する溶接方法であり、溶融池の熱のみでワイヤを溶融させるため溶接速度が速い。,溶込み不良とは、溶接金属と母材又は溶接金属同士が溶着していない状態をいう。,放射線透過写真によるきずの種別は第1種から第4種まで区別され、丸いブローホール及びこれに類するきずは第4種となる。,超音波探傷試験は、検査物の片側だけから検査できるが、きずまでの距離やきずの高さは測定できない。,,,,,,
6,A点からB点にガスを 50 m2/h 供給している低圧導管 AB(延長100 m)において、A点の圧力PAは 2.3kPa、B点の圧力は、2.2 kPaであった。今、下図のようにB点からさらに100 m延長して、C点にも 50 m2/hを供給する計画となった。A点での圧力を2.3kPaのままとし、同一口径で延長した場合のC点の圧力(kPa)として最も近い値はどれか。ただし、AB間、BC間とも高低差は考慮しないものとする。,4,,,,,,(1)　2.1,(2)　2.0,(3)　1.9,(4)　1.8,(5)　1.7,
6,導管の維持管理に関する次の記述のうち、正しいものはいくつあるか。,3,水素炎イオン化式ガス検知器(FID)は、水素炎の中に可燃性ガスが入ると、炎の電気伝導度が増大する現象を利用したものであり、すべての可燃性ガスを検知できる。,緊急ガス遮断装置の点検では、瞬時に閉動作が行われ、かつ確実に遮断されることを確認する。,中圧鋼管で腐食による漏えいが発生したため、緊急修理用バンドを用いて応急処置を行った。,地震時の漏えい予防として、低圧の本支管に反転シール系の更生修理工法を適用した。,漏えい磁束ピグは、主として高圧導管の塗覆装の損傷を検査するために用いられる。,,,,,,
6,地震対策に関する次の記述のうち、誤っているものはいくつあるか。,2,高圧導管の耐震性評価において、レベル1地震動に対する直管の接合部や異形管部の許容ひずみは 3.0% である。,中・低圧導管は、地盤変位吸収能力と設計地盤変位を比較することで、耐震性を評価する。,ガス防災支援システム(G-React)は、大規模地震発生時に早期復旧のため、国、ガス事業者が被害情報、復旧活動に必要な情報の共有を図るものである。,単位ブロックとは、供給停止した地域内のガスの復旧作業を効率的に実施するため、供給停止ブロックを更に分割して得られるブロックをいう。,移動式ガス発生設備には、「空気吸入式(PA式)」、「圧縮ガス式(CNG式)」、「液化ガス式(LNG式)」がある。,,,,,,
6,ガスの性質と燃焼に関する次の記述のうち、正しいものはいくつあるか。,2,都市ガスの理論空気量は、その都市ガスを構成する各ガス成分の含有率から算出できる。,ガス機器が単位時間に消費する熱量は、ノズルの口径が一定の場合、ガス圧力とウォッベ指数とに比例する。,空気中におけるメタンの着火温度は、プロパンの着火温度より低い。,燃焼速度はガスの成分、ガスと空気の混合割合、混合ガスの温度及び混合ガスの圧力等によって異なる。,真発熱量は総発熱量から潜熱を差し引いたものであり、供給ガスの発熱量には一般に真発熱量が用いられる。,,,,,,
6,ガスの燃焼に関する次の記述のうち、正しいものはいくつあるか。,5,全一次空気燃焼式は、フラッシュバックしやすい燃焼方式である。,パイロットバーナーには、主にセミ・ブンゼン燃焼式が用いられる。,ガスの噴出速度に比べ、燃焼速度がバランス点以下に低下すると、炎のリフティングが生じる。,一般に、燃焼速度が速くなると燃焼騒音は大きくなる。,サーマルNOxの生成量は、燃焼ガス温度や滞留時間と正の相関がある。,,,,,,
6,家庭用ガス温水機器に関する次の記述のうち、正しいものはいくつあるか。,5,瞬間湯沸器には、あと沸きや冷水サンドイッチ現象を解消する機能を搭載しているものがある。,給湯暖房用熱源機には、機器の状態確認、ふろの湯張り及び床暖房運転等を遠隔で行うことができるものがある。,元止め式瞬間湯沸器は、湯を使用する場所に取り付けられ、湯沸器の出湯管から直接湯を使う機器である。,ふろがまには、浴槽内の水を加熱するための熱交換器(かま本体)とふろバーナーが一体 - 構造となっているもの、及び設置の際に組合せるものがある。,給湯暖房システムにおける暖房用温水の温度制御では、2温度コントロール方式が主流である。,,,,,,
6,家庭用ガス機器に関する次の記述のうち、正しいものはいくつあるか。,1,こんろの焦げ付き消火機能とは、立ち消え安全装置の温度センサーを利用して、鍋が焦げ付き始めると自動消火する機能である。,こんろに装備される中火点火機能は、使用時の点火不良を防止するためのものである。,ファンヒーターの室温自動制御機能には、温度センサーとして主に熱電対が使用されている。,赤外線ストーブには、8時間燃焼を継続すると自動的に運転を停止する機能が装備されている。,現在販売されている衣類乾燥機には、油が付着したタオルや衣類が自然発火しないよう、冷却運転機能が装備されている。,,,,,,
6,コージェネレーションシステムとガス冷暖房機器に関する次の記述のうち、誤っているものはいくつあるか。,4,燃料電池は電解質の種類によって分類され、固体高分子形、りん酸形、固体酸化物形、溶融炭酸塩形等がある。,固体高分子形燃料電池は、燃料ガス中の硫黄分を取り除く脱硫装置は備えているが、CO変成器、CO選択酸化器は備えていない。,固体酸化物形燃料電池は、作動温度が約700°C であり、原則として毎日起動・停止する。,吸収冷凍機における二重効用吸収冷凍サイクルでは、単効用吸収冷凍サイクルに比べ、冷却水に捨てられる熱の比率が大きい。,圧縮式の冷暖房機器では、膨張弁で冷媒ガス通路を切り替えることにより、冷房運転と暖房運転とを切り替える。,,,,,,
6,換気と一酸化炭素(CO)中毒に関する次の記述のうち、誤っているものはいくつあるか。,3,自然換気における空気の流れを起こす力の種類には、風圧を利用したものと、空気の温度差によって生じる浮力を利用したものとがある。,必要換気量とは、室内の CO 濃度をある限界以下に保つための換気量の最小値のことである。,調理室の必要換気量は次の式で求められ、排気フード I型を使用する場合の定数は 40である。必要換気量(m3/h) = 定数 x 理論排ガス量(m2/kWh) × 燃料消費量(kW),自然換気回数が 0.5 であれば、1時間あたりの自然換気量は室の容積の2倍である。,CO は、ヘモグロビンに対する結合力が酸素の 200 ~ 300 倍強い。,,,,,,
6,熱交換器において高温流体の入口温度が300°Cで出口温度が150°Cであった。低温流体の入口温度は50°Cであった。このときの高温流体の温度効率(%)として最も近い値はどれか。,4,25,40,50,60,83,,,,,,
6,家庭用ガス温水機器の設置に関する次の記述のうち、誤っているものはいくつあるか。,1,合計インプットが6kW を超える開放式機器を調理室以外の部屋に設置する場合、機械換気が必要である。,自然排気式機器を設置する部屋には、ガス機器の排気筒断面積以上の有効開口面積をもつ給気口が必要である。,強制排気式機器の燃焼室は、設置される部屋の空気から遮断されているため、専用の給気口は必要ない。,"集合住宅の開放廊下に面したパイプシャフト内部(壁面等)に温水機器を設置する場合に 
は、強制給排気式機器を用いる必要がある。",屋外式機器には、自然給排気式機器の給排気筒トップが取り付けられていた壁貫通部に設置できるものがある。,,,,,,
6,ガス機器の安全装置に関する次の記述のうち、誤っているものはいくつあるか。,3,ファンヒーターの不完全燃焼防止装置には、立ち消え安全装置と兼用でサーミスターが用いられている。,誘導雷保護装置とは、雷サージ電流を接地線側にバイパスし、機器に加わる電圧を低く制限することにより機器を保護するものである。,現在販売されているBF式ふろがまに搭載されている冠水検知装置には、電極式とサーミスター式とがある。,過圧防止安全装置は、瞬間湯沸器や貯湯湯沸器の缶体内の水圧が一定値以上に上昇した場合に、ガスの供給を遮断するものである。,熱電対式立ち消え安全装置の電磁弁に適正な起電力を送るための熱電対の加熱温度は、約600〜700°Cである。,,,,,,
6,ガス機器とガス栓との接続に関する次の記述のうち、誤っているものはいくつあるか。,1,ガス栓用プラグは、ホースエンド口に取り付けることでコンセントロ化する先端弁付迅速継手である。,ガスコードは、鋼線で補強されたゴム製ホースの両端に、迅速継手が取り付けられた定尺の接続具である。,強化ガスホースは、ゴム管の可とう性を有し、耐切断性能や耐候性能等に優れた接続具である。,ガスコンセントは、迅速継手のソケットを接続するだけで栓が自動的に開き、外すと閉じるガス栓である。,オンオフ機構を有するガス栓では、つまみが半開状態で接続具が外れた場合、ヒューズ機構が作動せずガスが流出する。,,,,,,
6,次のガス事故のうち、ガス事故速報を報告することが法令で規定されている事故に、いずれも該当しないものの組合せはどれか。ただし、台風、高潮、洪水、津波、地震その他の自然災害又は火災による広範囲の地域にわたるガス工作物の損壊事故、製造支障事故又は供給支障事故であって、経済産業大臣が指定するものを除く。,3,ガス工作物(ガス栓を除く。)の損傷により人が負傷した事故,製造支障事故であって、製造支障時間が6時間のもの,供給支障事故であって、供給支障戸数が 500 のもの,最高使用圧力が低圧の主要なガス工作物(ガス栓を除く。)の損壊事故,ガス栓の損壊によりガス栓から漏えいしたガスに引火することにより、発生した負傷事故,,,,,,
6,法令で規定されているガス主任技術者に関する次の記述のうち、いずれも誤っているものの組合せはどれか。,1,ガス工作物の設置の工事であって、経済産業省令で定める工事に従事する者は、ガス主任技術者でなければならない。,一般ガス導管事業者は、ガス主任技術者を選任するときは、事前にその旨を経済産業大臣に届け出なければならない。これを解任するときも、同様とする。,ガス主任技術者試験は、ガス工作物の工事、維持及び運用に関する保安に関して必要な知識及び技能について行う。,ガス主任技術者は、誠実にその職務を行わなければならない。,経済産業大臣は、ガス主任技術者がこの法律に違反したときは、一般ガス導管事業者に対し、ガス主任技術者の解任を命ずることができる。,,,,,,
6,材料の力学的性質に関する次の記述のうち、誤っているものはどれか。,5,応力にともなって生ずる変形量の変形前長さに対する割合をひずみという。,比例限度以下の応力では、材料のひずみは応力の大きさに比例する。,薄肉円筒の内圧(円筒外部との圧力差)による円周応力は、軸応力の2倍である。,安全係数(安全率)が大きいほど、安全に対し余裕がある設計となっている。,外力を取り去ると元に戻る変形を塑性変形という。,,,,,,
6,法令で規定されている工事計画及び使用前検査に関する次の記述について、[   ]の中の(イ)〜(ホ)にあてはまる語句の組合せとして最も適切なものはどれか。,2,(イ)改造　(ロ)経済産業大臣　　　　　　(ハ)試験のため　(ニ)燃焼性　(ホ)3,(イ)変更　(ロ)登録ガス工作物検査機関　(ハ)試験のため　(ニ)熱量等　(ホ)5,(イ)変更　(ロ)経済産業大臣　　　　　　(ハ)緊急時　　　(ニ)熱量等　(ホ)3,(イ)変更　(ロ)経済産業大臣　　　　　　(ハ)試験のため　(ニ)燃焼性　(ホ)5,(イ)改造　(ロ)登録ガス工作物検査機関　(ハ)緊急時　　　(ニ)熱量等　(ホ)3,ガス製造事業者は、ガス製造事業の用に供するガス工作物の設置又は[ (イ) ]の工事であって、経済産業省令で定めるものをしようとするときは、その工事の計画を経済産業大臣に届け出なければならない。,ガス製造事業者は、経済産業省令で定めるものの工事について自主検査を行い、その結果について、[ (ロ) ]が行う検査を受け、これに合格した後でなければ、これを使用してはならない。ただし、ガス工作物を[ (ハ) ]に使用する場合(そのガス工作物に係るガスを使用者に供給する場合にあっては、当該ガス工作物の使用の方法を変更するごとにガスの[ (ニ) ]を測定して供給する場合に限る。)は、この限りでない。,ガス製造事業者は、経済産業省令で定めるところにより、自主検査の記録を作成し、これを[ (ホ) ]年間保存しなければならない。,,,
6,ガス工作物及び保安物件に関する次の記述のうち、いずれも技術基準で規定されているものの組合せはどれか。ただし、ガス工作物は、不活性のガス(空気を含む。)又は不活性の液化ガスのみを通ずるものではない。,4,ガス発生器及び増熱器は、その製造所の敷地境界から保安物件に対し告示で定める距離を有しなければならない。,劇場、映画館、演芸場、公会堂その他これらに類する施設であって、収容定員300人以上のもの(事業場の存する敷地と同一敷地内にあるものを除く。)は、第1種保安物件に該当する。,ガスの種類、ガス工作物の状況、周囲の状況等の理由によりあらかじめ経済産業大臣に届け出た場合は、告示で定める距離を有しないでガス工作物を施設することができる。,製造所には、液化ガスを通ずるガス工作物から漏えいしたガスが滞留するおそれのある製造所内の適当な場所に、当該ガスの漏えいを適切に検知し、かつ、警報する設備を設けなければならない。,ガス発生設備及び附帯設備であって製造設備に属するものの液化ガスを通ずる部分は、液化ガスを廃棄できる構造でなければならない。,,,,,,
6,技術基準で「ガス工作物のうち、耐圧部分及び液化ガスを通ずる部分は、適切な方法により耐圧試験を行ったときにこれに耐えるものでなければならない。」と規定されている。次のガス工作物のうち、耐圧試験が不要なものはいくつあるか。,3,液化ガス用ポンプ,昇圧供給装置,整圧器,溶接により接合された海底に設置される導管であって、非破壊試験を行ったときこれに合格したもの,最高使用圧力が中圧の導管であってそれらの継手部と同一材料、同一寸法及び同一施工方法で接合された試験のための管について、適切な機械試験により確認されたもの,,,,,,
6,高分子材料の一般的な性質に関する次の記述のうち、誤っているものはどれか。,2,紫外線を吸収すると、分解することがある。,クリープは、常温では発生しない。,金属材料に比べて、比重が小さい。,金属材料に比べて、熱伝導率が小さい。,応力ひずみ線図では、軟鋼のような明瞭な降伏点が見られない場合がある。,,,,,,
6,技術基準で規定されているガス工作物に関する次の記述のうち、誤っているものはどれか。,5,,,,,,(1)　製造設備を安全に停止させるのに必要な装置その他の製造所及び供給所の保安上重要な設備には、停電等により当該設備の機能が失われることのないよう適切な措置を講じなければならない。,(2)　移動式ガス発生設備には、設備の損傷を防止するため使用の状態を計測又は確認できる適切な措置が講じられていなければならない。,(3)　製造所に設置する遮断装置には、誤操作を防止し、かつ、確実に操作することができる措置を講じなければならない。,(4)　特定事業所に設置する液化ガスを通ずるガス工作物に係る計装回路には、当該設備の態様に応じ、保安上重要な箇所に、適切なインターロック機構を設けなければならない。,(5)　ガスホルダーであって、凝縮液により機能の低下又は損傷のおそれがあるものには、ガスホルダーの凝縮液を気化する装置を設けなければならない。,
6,技術基準で規定されているガス発生設備に関する次の記述のうち、誤っているものはいくつあるか。,2,最高使用圧力が低圧の移動式ガス発生設備であって過圧が生ずるおそれのあるものには、その圧力を逃がすために適切な圧力上昇防止装置を設けなければならない。,移動式ガス発生設備は、ガスが漏えいした場合の火災等の発生を防止するため、適切な場所に設置し、容易に移動又は転倒しないように適切な措置が講じられていなければならない。,ガスの通ずる部分に直接液体を送入する装置を有する製造設備(移動式ガス発生設備を含む。)は、送入部分を通じてガスが逆流することによる設備の損傷又はガスの大気への放出を防止するため逆流が生じない構造のものでなければならない。,気化装置又はそれに接続される配管等には、気化装置から液化ガスの流出を防止する措置を講じなければならない。ただし、気化装置からの液化ガスの流出を考慮した設計である場合は、この限りでない。,容器に附属する気化装置内においてガスを発生させる特定ガス発生設備であって当該気化装置を電源によって操作するものは、自家発電機その他の操作用電源が停止した際にガスの供給を速やかに停止するための装置を設けなければならない。,,,,,,
6,技術基準で規定されている導管及びガスメーターに関する次の記述のうち、いずれも誤っているものの組合せはどれか。,3,導管には、設置された状況により腐食を生ずるおそれがある場合にあっては、当該導管の腐食を防止するための適切な措置を講じなければならない。,導管(最高使用圧力が低圧の導管であって、内径が 100 mm 未満のものを除く。)であって、道路の路面に露出しているものは、車両の接触その他の衝撃による振動を軽減するための措置を講じなければならない。,道路に埋設される本支管(最高使用圧力が5kPa以上のポリエチレン管に限る。)には、掘削等による損傷を防止するための適切な措置を講じなければならない。,ガスの使用場所である地下室等にガスを供給する導管には、その地下室等の付近の適切な場所に、危急の場合に当該地下室等へのガスの供給を地上から速やかに遮断することができる適切な装置を設けなければならない。,ガス事業者がガスの使用者との取引のために使用するガスメーター(使用最大流量が毎時16㎡以下、使用最大圧力が 4 kPa以下及び口径 250 mm以下のものに限る。)は、ガスが流入している状態において、災害の発生のおそれのある大きさの地震動、長時間にわたるガスの継続使用又は異常なガス圧力の低下を検知した場合に、ガスを速やかに遮断する機能を有するものでなければならない。,,,,,,
6,技術基準で規定されている導管の漏えい検査に関する次の記述のうち、漏えい検査の対象から除外されているものはいくつあるか。ただし、導管は、道路に埋設されている導管からガス栓までに設置されており、特定地下室等にガスを供給する導管とする。,4,適切な漏えい検知装置が適切な方法により設置されている場合(当該装置が漏えいを検知することができる部分に限る。),導管が設置されている場所に立ち入ることにつき、その所有者又は占有者の承諾を得ることができない場合,屋外において、埋設されていない部分がある場合(当該埋設されていない部分に限る。),ポリエチレン管を使用している場合(当該使用している部分に限る。),導管に絶縁措置が講じられており当該絶縁措置が講じられた部分からガス栓までの間でプラスチックにて被覆された部分,,,,,,
6,次の反応の標準反応熱(kJ/mol)として、最も近い値はどれか。,1,-165,-77,2,77,165,CO2 + 4H2 → CH4 + 2H2O,ただし、すべての物質は気体状態とし、各成分の標準生成熱(kJ/mol)は次の値とする。,CHA:-75 CO2:-394 H2O:-242 H:0 ,,,
7,法令で規定されているガス用品等に関する次の記述のうち、誤っているものはどれか。,2,,,,,,(1)　特定ガス用品」とは、構造、使用条件、使用状況等からみて特にガスによる災害の発生のおそれが多いと認められるガス用品であって、政令で定めるものをいう。,(2)　ガス用品の製造又は輸入の事業を行う者は、経済産業省令で定めるガス用品の型式の区分を経済産業大臣に申請し認められなければならない。,(3)　届出事業者は、届出に係る型式のガス用品を試験用に製造又は輸入する場合においては、経済産業省令で定める技術上の基準に適合することを要しない。,(4)　届出事業者は、その届出に係る型式のガス用品の経済産業省令で定める技術上の基準に対する適合性について、規定による義務を履行したときは、当該ガス用品に経済産業省令で定めるところにより、表示を付することができる。,(5)　ガス用品が経済産業省令で定める技術上の基準に適合していない場合において、災害の発生を防止するため特に必要があると認めるとき、経済産業大臣は届出事業者に対し、1年以内の期間を定めて届出に係る型式のガス用品に表示を付することを禁止することができる。,
7,法令で規定されている保安業務規程に関する記述のうち、いずれも誤っているものの組合せはどれか。,5,ガス小売事業者は、経済産業省令で定めるところにより、保安業務規程を定め、その事業の開始前に、経済産業大臣に届け出なければならない。,ガス小売事業者は、保安業務規程を変更したときは、遅滞なく、変更した事項を経済産業大臣に届け出なければならない。,経済産業大臣は、保安業務の適正な実施を確保するため必要があると認めるときは、ガス小売事業者に対し、保安業務規程を変更すべきことを命ずることができる。,ガス小売事業者及びその従業者は、保安業務規程を守らなければならない。ただし、災害その他非常の場合であって、ガス小売事業者及びその従業者が行う安全の確保及び応急措置については、この限りでない。,ガス小売事業者が定める保安業務規程には、保安業務を管理する事業場ごとのガス主任技術者の選任に関することを定めなければならない。,,,,,,
7,法令で規定されている消費機器の技術上の基準に関する次の記述のうち、正しいものはいくつあるか。,2,ガスの消費量が7kW の屋内に設置するガス衣類乾燥機で、密閉燃焼式でないものには、当該燃焼器に接続して排気筒を設けること。,排気扇を接続している自然排気式の燃焼器の排気筒の有効断面積は、当該燃焼器の排気部との接続部の有効断面積より小さくないこと。,強制排気式の燃焼器の排気筒が外壁を貫通する箇所には、当該排気筒と外壁との間に排気ガスが屋内に流れ込む隙間がないこと。,燃焼器の排気筒に接続する排気扇には、これが停止した場合に当該燃焼器へのガスの供給を自動的に遮断する装置を設けること。,燃焼器であって、建物区分のうち特定地下街等に設置するものには、告示で定める規格に適合する自動ガス遮断装置を告示で定める方法により設けること。,,,,,,
7,温度 27 °C、圧力 100 kPa、体積 25㎡のメタンの質量(kg)として最も近い値はどれか。ただし、メタンは理想気体とし、気体定数 R = 8.3 J/(mol・K)とする。,3,1,11,16,176,187,,,,,,
7,真空にした容器にプロパン 44g、窒素 28gを入れたところ、全圧が 300 kPa の混合気体となった。プロパンの分圧(kPa)として最も近い値はどれか。,3,50,100,150,200,250,,,,,,
7,外気圧 100 kPaとつり合っているシリンダ内の気体 0.5㎡に熱を加え、定圧膨張させた。このときに気体がした仕事は150kjであった。膨張後の気体の体積(㎥)として最も近い値はどれか。,4,0.6,1,1.5,2,3,,,,,,
7,容積一定の断熱容器に入れた温度300Kの空気に、10.5 kJ の熱を加えると、空気の温度は 330Kとなった。このときの空気の質量(kg)として最も近い値はどれか。ただし、空気の定積比熱容量は C = 0.7kJ/(kg・K)とする。,1,0.5,2,2.5,4.5,6,,,,,,
7,化学反応及び電気化学反応に関する次の記述のうち、誤っているものはどれか。,3,体積及び温度一定条件の下で化学反応が起こったとき、生成系の内部エネルギーのほうが反応系の内部エネルギーよりも低い場合、発熱反応になる。,温度一定条件で、化学反応に伴い発生する、若しくは吸収される熱のことを反応熱という。,化学反応における触媒の役割は、反応熱を大きくすることである。,電気化学反応の特徴は、化学反応を電子の授受を介して行わせることである。,燃料電池の電極間電位差は、取り出す電流を増加させる場合に小さくなる。,,,,,,
7,CO(g) + H20(g) = CO2(g) + H2(g) - Q は右方向へは発熱反応である。この反応の平衡に関する次の記述のうち、誤っているものはどれか。ただし、Qは反応熱である。,2,CO2 の分圧を増加させると左方向へ反応が進む。,圧力を上げると左方向へ反応が進む。,温度を下げると右方向へ反応が進む。,水蒸気(H2O)を増加させると右方向へ反応が進む。,この反応において、触媒は化学平衡状態に影響を与えない。,,,,,,
7,メタン1㎥と水素2㎥の混合ガスを完全燃焼させるのに必要な最低空気量(㎥)として最も近い値はどれか。ただし、混合ガスは標準状態(0°C、101325 Pa)とし、空気中の窒素と酸素の体積比は4:1とする。,1,15,20,25,30,50,,,,,,
7,メタン79vol%、プロパン21vol%の混合ガスの空気中における燃焼下限界(vol%)として最も近い値はどれか。ただし、単体ガスの燃焼下限界は、メタン5.0vol%、プロパン2.1vol%とする。,4,2.1,2.9,3.5,3.9,4.4,,,,,,
7,可燃性ガスに関する次の記述のうち、誤っているものはどれか。,2,空気や酸素等と混合した状態で着火すると爆発を起こすことがある。,温度を低くすると、燃焼範囲は広くなる。,爆燃や爆ごうは、空気や酸素と混合する濃度範囲により起こらない場合がある。,爆発は、伝播速度が亜音速の爆燃と、超音速の爆ごうに分類される。,爆ごうは、衝撃波を伴うため、衝突した物体に機械的破壊作用を与える。,,,,,,
7,内径100mmの直円管内を流体が質量流量6kg/sで流れているときの平均流速(m/s)として最も近い値はどれか。ただし、流体の密度は400kg/㎥とする。,5,0.2,0.5,1,1.5,2,,,,,,
7,都市ガスの原料及びその取り扱いに関する次の記述のうち、いずれも誤っているものの組合せはどれか。,5,LNGは貯蔵中に外部からの入熱により沸点の低いメタンを主とするボイルオフガス(BOG)が発生するため、メタン以外の成分の濃度が高まる。これを濃縮と呼ぶ。,LNGが漏えいし、大気中に気化、拡散したとき、燃焼範囲内の濃度にある混合気が、火気に接すると着火する。拡散ガスに着火すると、火炎が伝播し液表面での燃焼となる。これをプール燃焼という。,シェールガスとは、主に砂岩層が貯留層となっている従来のガス田ではなく、泥岩(頁岩)層に含まれる非在来型天然ガスの一種である。,LNGの受入配管等では、外部からの入熱により過熱状態になっている場合、弁の開放等により圧力が急激に減少し、LNGの一部が気化され、鉛直配管部では液・気相間の急激な相転移が連続的に生じる。これによって発生する配管の振動現象をウォーターハンマーという。,LPG中にH2S等の硫黄化合物が含まれていないことが求められる。これは、LPG貯蔵タンクの材料として高張力鋼が使用される場合が多いが、溶着金属部、熱影響部等に粒界腐食が発生する可能性があるためである。,,,,,,
7,都市ガスの製造設備に関する次の記述のうち、いずれも誤っているものの組合せはどれか。,2,PC式平底円筒形貯槽は、金属二重殻式貯槽と防液堤を一体化した貯槽であり、内槽と外槽の間の空間には、外部入熱を防ぐため断熱材(パーライト)が充てんされ、断熱効果を高めるため高度の真空状態に保たれている。,斜流ポンプは、遠心力と羽根の揚力によって液体に圧力を与えるものである。,ポンプの性能曲線図は、ポンプの規定回転数における吐出量、全揚程、ポンプ効率、軸動力等の関係を示すものである。,LPGポンプは、LNG1次受入基地等では遠心式サブマージドポンプ、LNG2次受入基地やLNGサテライト基地等ではベーン式ポンプ、キャンドモーターポンプが用いられる場合が多い。,ポンプのキャビテーションを防止するためには、有効吸込ヘッドを必要有効吸込ヘッドより小さくする必要がある。,,,,,,
7,製造所の電気設備及び計装設備に関する次の記述のうち、いずれも誤っているものの組合せはどれか。,4,無停電電源装置(UPS)の原理は、交流入力を整流部で直流に変換し蓄電池に充電するとともに、インバーター部で一定電圧、一定周波数の交流に変換後出力される。,外部雷保護システムは、雷撃によって生ずる火災、設備破損又は人畜への傷害を防止することを目的とするもので、受雷部システム、引下げ導線システム及び接地システム等から構成される。,遠隔操作弁では、弁体の開閉動作をする可動部にスピードコントローラーを取り付け、電気信号により制御システムに開閉状態を伝えることができる。,超音波式流量計は、流体が腐食性のものやスラリー状のもの及びダスト含有のものの影響は受けないが、温度・密度・粘度の影響は受けやすい。,ホディスプレースメント式液面計は、測定範囲が広く、液密度の変化が測定誤差となるが、精度は高い。,,,,,,
8,都市ガスの熱量調整と燃焼性管理に関する次の記述のうち、いずれも誤っているものの組合せはどれか。,3,燃焼速度は、ガスの組成、空気比等の条件により変化する値であり、どのガスでも組成に応じてある空気比のときに最大となる。この値を最大燃焼速度(MCP)という。,"ウォッベ指数(WI) は次式で表される。 WI＝ H/√S
ここでHはガスの総発熱量(MJ/㎥)、Sはガスの密度(kg/㎥)である。","天然ガス(発熱量:43MJ/㎥)をLPG(発熱量:100MJ/㎥)で増熱して45MJ/㎥の13Aガスを50000㎥製造する場合の天然ガスの必要量X(㎥)は、次式を解くことによって求められる。
43 x X + 100 × (50000 - X) = 45 × 50000",LPGを用いて増熱し熱量を調整する場合、LPGの燃焼速度は比較的速いため、WI - MCP 図で、混合ガスの燃焼性の範囲を確認する。,液 - ガス熱量調整方式により天然ガス(NG)をLPGで熱量調整する場合、NGの温度により運転範囲の制限を受ける場合があり、LPGの混合量を制限するか、NGの予熱が必要になる。,,,,,,
8,都市ガスの付臭に関する次の記述のうち、いずれも誤っているものの組合せはどれか。,5,付臭剤の備えるべき要件の一つとして、一般に存在するにおい(生活臭)とは明瞭に区別でき、かつ、だれもがガス臭であると認識できるにおいであることがあげられる。,ガスの臭気濃度は、高すぎるとガス器具の点火や消火の際のわずかな未燃ガス等をガスの漏えいと誤認しやすくなる一方、低すぎると漏えいを検知しにくくなることがある。,代表的な付臭剤であるターシャリーブチルメルカプタン(TBM)、ジメチルサルファイド(DMS)、シクロヘキセンは、いずれも構成元素に硫黄(S)を含む。,付臭剤を注入する方式は、大別して液体注入方式、蒸発方式及び液付臭方式の3種類があるが、液付臭方式では製造するガス流量に応じた付臭剤注入量の制御が不要である。,パネル法による臭気濃度の測定において、4人のパネルの感知希釈倍数がそれぞれ3000倍、1500倍、1500倍、1500倍であったとき、このガスの臭気濃度は1500倍である。,,,,,,
8,製造所の停電対策に関する次の記述のうち、いずれも誤っているものの組合せはどれか。,4,買電のみで保安電力を確保するためには、常用線とは系統の異なる予備回線又はそれに相当するもの等保安電力として措置されたものが必要である。,非常用発電設備の定格容量は、負荷の積み上げ合計値と同じでよい。,BOG圧縮機の停止時間が長くなるとLNG貯槽の内部圧力が上昇するので、内部圧力の監視を強化し、必要に応じて放散処理設備による降圧の準備等を行う。,停電が発生した場合、買電で稼働していたガス製造設備が安全側に移行、停止していること及び保安電源等が正常に作動していることを確認する必要がある。,保安電力は、買電(保安電力として措置されたものに限る)又は自家発電によるものとし、蓄電池を用いてはならない。,,,,,,
8,製造設備の操業に関する次の記述のうち、いずれも誤っているものの組合せはどれか。,3,ボイルオフガス(BOG)を送出ガスに混入する場合には、熱量調整用LPGの混入量増加等、送出ガスの品質管理に留意する必要がある。,LNG貯槽内のロールオーバー現象の発生を防止するため、貯槽内LNGの水平方向の密度分布を監視することが必要である。,個別設備の稼働調整方式の1つである圧力制御方式は、急激な需要変動に追従できる制御方式である。,ガス製造能力に関係する設備の定期修理計画策定にあたっては、ガス製造計画・製造設備稼働計画を元にして、ピーク時における最大必要能力を確保した定期修理計画を策定する。,製造設備の巡視・点検は、保安規程に定める内容等に基づき実施するものとし、目視等の五感に頼らないことが重要である。,,,,,,
8,製造設備の保全に関する次の記述のうち、いずれも誤っているものの組合せはどれか。,1,溶接部において溶融金属が冷却される際に収縮することにより、圧縮の残留応力が生じる。,部材に形状的な不連続や切り欠きが存在して応力集中が高くなるほど、疲労強度は低下する。,材料表面層の残留応力は引張りの場合は疲労強度の低下、圧縮の場合は上昇の方向へ作用する。,超音波探傷試験(UT)は、検査物の片側だけから検査できるが、割れのような平面欠陥の検出には適さない。,放射線透過試験(RT)は、欠陥の形状をフィルム上に投影された像として見ることができるので、わかりやすい。,,,,,,
8,環境対策及び省エネルギーに関する次の記述のうち、いずれも誤っているものの組合せはどれか。,4,都市ガスの燃料の場合は、燃焼管理を十分に行うことで、ばいじんの発生を大きく抑制することができる。,燃焼排ガスの脱硝法には、酸化剤としてアンモニア、尿素等を用いて、排ガス中のNOxを選択的に窒素に酸化する方法がある。,すべての水域において水素イオン濃度指数(pH)は、常に規制される項目の1つであり、多くの水中生物、農作物にとって望ましい水のpHは、5.8~8.6である。,有機物質を含む生物化学的酸素要求量(BOD)の高い排水の処理には、バクテリア等微生物の力を利用する生物処理方法がある。,電気エネルギーの管理では、力率を0に近づけると省エネルギー効果を上げることができる。,,,,,,
8,A点からB点にガスを供給している低圧導管ABにおいて、A点の圧力は2.3kPa、B点の圧力は2.2kPaであった。今、AB間の流量を2倍にした場合、A点の圧力を2.3kPaのままとすると、B点の圧力(kPa)として最も近い値はどれか。,3,2.1,2,1.9,1.8,1.7,,,,,,
8,整圧器に関する次の記述のうち、誤っているものはどれか。,4,ハウスレギュレーターは、一般に不純物除去装置と圧力上昇防止装置が一体化されている。,レイノルド式整圧器は需要家のガス使用量が減少すると低圧補助ガバナ(パイロット)の開度が減少し、中間圧力が高くなるため、オキジャリーボール内のダイヤフラムを押し上げる力が強くなる。,パイロット式整圧器について、最低一次圧力と最高二次圧力の差圧が整圧器の作動最小差圧よりも大きくなるように選定する。,大規模地区で使用される整圧器は、一般に負荷変動が大きいため、特に流量の変化に対する応答の敏速性と安定性の両方の特性が要求される。,フィッシャー式整圧器の二次圧異常上昇の原因として、メインバルブへのダストかみ込みによる締め切り不良が考えられる。,,,,,,
8,マイコンメーターに関する次の記述のうち、誤っているものはどれか。,5,圧力スイッチは、金属ダイヤフラムによる差圧検知方式でガス圧力のかかった状態ではOFF(通電停止)、ガス圧力が異常低下するとON(通電)になる構造である。,感震器は、少々の傾斜状態でも自動水平調整を行い、リセット不要な球振動式感震器である。,内管での少量漏れや口火を連続使用した場合等、30日間連続してガスが流れ続けた場合、ガス漏れ警報を表示する機能がある。,マイコンメーターの上流側ガス供給圧力が0.2kPaを下回った場合、遮断する機能がある。,Qmaxが25㎥/h以上のマイコンメーターでは、上ケース上部に、コントローラー、圧カスイッチ、遮断弁等を内蔵したコントロールボックスを取り付けている。,,,,,,
8,口径300mmの鋼管を用い、長さ40mで両端固定された架管が冬の時期(管体温度は-10°C)に設置された。夏期にこの架管全体の温度が40°Cになったときに生じる応力を、架管途中に設けた伸縮継手で対処すると、設計変位量(mm)として最も近い値はどれか。ただし、導管の線膨張係数は 1 × 10-5(17°C)、内圧は0.3MPa、ヤング率は 2 × 10N/mmとする。,3,5,10,20,30,40,,,,,,
8,導管の腐食と防食に関する次の記述のうち、誤っているものはどれか。,2,導管の防食方法には、塗覆装による措置、電気防食による措置、絶縁による措置等がある。,鋳鉄管と鋼管が電気的に接続されている場合、鋳鉄管がアノードとなり腐食する傾向がある。,管対地電位とは、土壌、コンクリート等の電解質に設置した照合電極に対する導管の電位である。,防食設備の点検は、雨季等の土壌の湿潤期や電気鉄道の運行時等、防食状況の悪い時期や時間帯を選んで行うことが望ましい。,外部電源法は、導管の塗覆装の抵抗が低い場合や防食区間が長い場合に適している。,,,,,,
8,導管の工事に関する次の記述のうち、正しいものはどれか。,1,酸素欠乏のおそれのある場所で作業を行う場合は、作業開始前に酸素濃度計により作業場所の空気中の酸素濃度が18%以上であることを確認し、その測定結果の記録を3年間保存しなければならない。,気密試験において、試験圧力は必ず最高使用圧力の1.1倍以上でなければならない。,フレキ管を屋外の露出配管で使用する場合は、2m以内の間隔で支持固定する。,ポリエチレン管のヒートフュージョン接合では、継手に設けられたインジケーターにより融着状態を確認する。,埋設後に埋設管の位置確認を可能とすべく、必要に応じて、標識シートを管に沿わせて設置する。,,,,,,
8,溶接と非破壊試験に関する次の記述のうち、正しいものはどれか。,4,被覆アーク溶接棒の被覆剤(フラックス)には、溶接金属の凝固・冷却の速度を速める効用がある。,溶込み不良とは、溶接金属と母材又は溶接金属同士が溶着していない状態をいう。,放射線透過試験において、試験体の内部にきずがある場合、放射線フィルムで露光すると、きずのある部分は健全部より濃度が薄くなる。,ティグ溶接は、溶接ワイヤに被覆剤(フラックス)を含まないため、スラグが発生しない。,浸透探傷試験は、表面に開口したきずに適用でき、鋼のような強磁性体のみに使用できる。,,,,,,
8,導管の維持管理に関する次の記述のうち、誤っているものはどれか。,1,中圧管の腐食による漏えい修理には、金属テープによる外面シールが適用できる。,樹脂ライニング系の更生修理工法は、本支管及び供内管の腐食漏えい予防として有効である。,半導体式ガス検知器は、検知感度が高いことから、地中埋設管のガス漏えい調査に適している。,サンドブラストによる供給支障は、大量の水道水がガス管内に流入し続けることがあるので、広範囲に至る場合がある。,需要家等からのガス漏えい等の通報に対しては、その内容に応じて、一般出動、緊急出動及び特別出動に区分し、適切な処理を行う。,,,,,,
8,地震対策に関する次の記述のうち、誤っているものはどれか。,5,設計地盤変位は、標準設計地盤変位量に管種と埋設条件の組合せによる補正係数と地域別の補正係数を掛けて求める。,断層の中で、最近の地質時代に繰り返し活動し、将来も活動することが推定される断層を活断層といい、地震の引き金となり得るものである。,二次災害を防止するとともに、供給停止地区の極小化を図るため、導管網を事前に適正な規模のブロックに分割しておく。,供給停止後、復旧までに相当の日数を要することが予想される場合は、需要家の不安を取り除くため、復旧の見通し等について積極的に広報活動を行う。,SI値は、地震による一般的な建物(ビル)の揺れの大きさを評価する指標であり、加速度の単位カイン(cm/s)で表される。,,,,,,
9,ガスの燃焼に関する次の記述のうち、誤っているものはどれか。,5,ガスの燃焼は酸化反応であり、反応が最後まで完結しないで中間生成物(一酸化炭素、水素、アルデヒド等)が発生している状態を不完全燃焼という。,ブンゼンバーナーにおいて、ガス圧が異常に低下したり、ノズルが詰まったりしてガス量が極端に少なくなると、フラッシュバックが発生する。,機器の燃焼室内の給排気不良により二次空気が極端に減少すると、リフティングが発生する。,燃焼反応が十分な速さで進まないと、イエローチップが発生する。,メタンと空気の混合ガスの燃焼範囲は、標準状態においてメタン濃度4%から75%である。,,,,,,
9,円形のノズルから噴出するガス量について、ノズルの口径を4倍、ガスの圧力を4倍にしたとき、ガス量は何倍になるか。次の値のうち、最も近いものはどれか。,4,4,8,16,32,64,,,,,,
9,家庭用ガス機器に関する次の記述のうち、誤っているものはどれか。,2,Q機能を搭載した瞬間湯沸器では、冷水サンドイッチ現象を緩和し、安定した湯温を得ることができる。,瞬問湯沸器のメインバーナーには、炎が短く燃焼室を小さくできるセミ・ブンゼンバーナーが一般に用いられる。,ふろ給湯器の設置方式には、浴室隣接設置形と設置フリー形とがある。,ハイブリッド給湯器は、電気ヒートポンプと潜熱回収型ガス給湯器で必要なお湯の量に合わせて効率的に運転を行うシステムである。,エコーネットライトは、HEMSとガス機器(燃料電池等)との接続に利用できる標準通信仕様である。,,,,,,
9,家庭用ガス機器に関する次の記述のうち、誤っているものはどれか。,2,こんろには、調理油過熱防止装置を利用して鍋が焦げ付き始めると自動消火するものがある。,グリルは、直火によって主として伝導熱で調理する機器である。,コンビネーションレンジは、ガスオーブンに電子レンジ機能が内蔵されたものである。,衣類乾燥機には、湿り空気を排出する排湿筒が取り付けられるようになっている。,赤外線ストーブには、放射体としてセラミックプレートを用いたものと、特殊耐熱鋼金網を用いたものとの2種類がある。,,,,,,
9,コージェネレーションシステムと業務用ガス機器に関する次の記述のうち、誤っているものはどれか。,1,固体酸化物形燃料電池には、CO 変成器が搭載されている。,吸収冷温水機は、冷媒に水を用いるノンフロン空調機である。,浸管式フライヤーには、油槽中の漫管内でガスを燃焼させて加熱する方式と、燃焼排ガスを通過させて加熱する方式とがある。,中華レンジには、火力を強力にするため、ブラストバーナーを用いたものがある。,遠赤外線ヒーターでは、セラミック特殊塗料で仕上げられた放射管等の表面から多量の遠赤外線が放射される。,,,,,,
9,水素2㎥を空気6㎥で完全燃焼させた。空気比として最も近い値はどれか。ただし、水素及び空気は標準状態(0°C、101325Pa)とし、空気は窒素と酸素が体積比4:1で混合したものとする。,3,(1) 0.8,(2) 1.0,(3) 1.2,(4) 2.4,(5) 3.0,,,,,,
9,換気と一酸化炭素(CO)中毒に関する次の記述のうち、誤っているものはどれか。,4,自然換気における空気の流れを起こす力の種類には、風圧を利用したものと、空気の温度差によって生じる浮力を利用したものとがある。,必要換気量とは、室内の酸素濃度をある限界以上に保つための換気量の最小値のことである。,一人の成人男性が安静に座っている状態での必要換気量は、建築基準法関係法令では20㎥/hとされている。,換気扇に用いられるシロッコファンは、ターボファンに比べ効率が高い。,COは、ヘモグロビンに対する結合力が酸素の200~300倍強く、吸入により酸素欠乏症状をひきおこしやすい。,,,,,,
9,給排気に関する次の記述のうち、誤っているものはどれか。,3,CF式ふろがまの排気筒トップに用いられる材料は、不燃性、耐熱性及び耐食性のあるものでなければならない。,BF式ふろがまを屋内に設置する場合は、設置する部屋に専用の給気口及び換気口は必要ない。,BF式ふろがまは、新規に浴室内に設置することはできない。,CF式ふろがまの逆風止めは、機器と同一室内に設置する必要がある。,FE式湯沸器では、排気筒の横引き長さと高さとの関係には特に規定がない。,,,,,,
9,ガス機器の安全装置、点火装置及び制御装置に関する次の記述のうち、誤っているものはどれか。,5,水位制御装置には、自動湯張り機能付き温水機器のように任意に設定された水位を保つものと、貯蔵湯沸器のように固定された一定の水位を保つものとがある。,点火時安全装置とは、燃焼室を持つガス機器の残留未燃ガスによる爆発点火を防止するためのものである。,瞬時点火装置では、熱電対の起電力が十分に発生するまでの間、コンデンサーの放電電流によりガス弁を開状態に保持している。,ガス量制御に用いられる比例電磁弁には、固定コイル式と可動コイル式とがある。,機械式温度制御装置における温度検出部の方式には、気体膨張式と液体膨張式とがある。,,,,,,
9,ガス機器とガス栓との接続及び警報器に関する次の記述のうち、誤っているものはどれか。,3,ヒューズガス栓には、作動流量の異なるいくつかの種類があり、使用機器のインプット等に応じて選択する必要がある。,ガスコンセントは、迅速継手を接続するだけで栓が自動的に開き、外すと閉じる構造となっている。,オンオフ機構を有するガス栓では、つまみが半開状態で接続具が外れた場合、ヒューズ機構が作動せずガスが流出する。,家庭用のガス警報器には、ガスを検出するセンサーを小型化かつ省電力化することで電池駆動を可能にしたものがある。,家庭用のガス警報器に使用されている検出方式は、半導体式、接触燃焼式及び熱線型半導体式に大別される。,,,,,,
9,法令で規定されている一般ガス導管事業者及びガス製造事業者の業務に関する次の記述のうち、正しいものはいくつあるか。,2,一般ガス導管事業者は、その供給区域における託送供給に係る料金その他の供給条件について、託送供給約款を定め、経済産業大臣に届け出なければならない。,一般ガス導管事業者が定める託送供給約款においては、託送供給を行うことができるガスの熱量等の範囲、組成その他のガスの受入条件に関する事項を定めなければならない。,一般ガス導管事業者は、正当な理由がなければ、最終保障供給を拒んではならない。,ガス製造事業者は、毎年度、ガスの製造並びにガス工作物の設置及び運用について供給計画を作成し、当該年度の開始前に、経済産業大臣に届け出なければならない。,ガス製造事業者は、その製造するガスの圧力にあっては、常時、製造所の出口及び経済産業大臣が指定する場所において、圧力値を自動的に記録する圧力計を使用して測定しなければならない。,,,,,,
9,排気フードI型の下で燃料消費量が5kW のガスこんろを使用するとき、部屋の必要換気量(㎥/h)として最も近い値はどれか。ただし、燃料の単位発熱量あたりの理論排ガス量は0.93 ㎡/kWh とする。,4,(1)　5,(2)　45,(3)　90,(4)　140,(5)　190,,,,,,
9,法令で規定されている保安規程に関する次の記述について、[   ]の中の(イ)〜(ホ)の語句のうち、いずれも誤っているものの組合せはどれか。,2,一般ガス導管事業者は、[ (イ)保安業務の適正な実施を確保するため ]、保安規程を定め、事業の[ (ロ)開始前 ]に、経済産業大臣に届け出なければならない。,また、一般ガス導管事業者は、保安規程を変更したときは、[ (ハ)遅滞なく ]、変更した 事項を経済産業大臣に届け出なければならない。,経済産業大臣は、一般ガス導管事業の用に供するガス工作物に関する保安を確保するため必要があると認めるときは、一般ガス導管事業者に対し、[ (ニ)その使用を一時停止すべきこと ]を命ずることができる。,[ (ホ)一般ガス導管事業者及びその従業者 ]は、保安規程を守らなければならない。,,,,,,(1)イ、ハ　(2)イ、ニ　(3)ロ、ハ　(4)ロ、ホ　(5)ニ、ホ,
9,次のガス事故のうち、ガス事故速報を報告することが法令で規定されていないものはどれか。ただし、台風、高潮、洪水、津波、地震その他の自然災害又は火災による広範囲の地域にわたるガス工作物の損壊事故、製造支障事故又は供給支障事故であって、経済産業大臣が指定するものを除く。,4,ガス工作物(ガス栓を除く。)の操作により人が死亡した事故,ガスの供給に支障を及ぼした事故であって、供給支障戸数が500以上のもの,工事中のガス工作物(ガス栓を除く。)の損壊により人が負傷した事故 ,ガス工作物(ガス栓を除く。)の損壊により、一般公衆に対し、交通の困難を招来した事,ガス栓の欠陥によりガス栓から漏えいしたガスに引火することにより、発生した物損事故,,,,,,
9,燃料の発熱量に関する次の記述について、[   ]の中の(イ)~(ホ)にあてはまる語句の組合せとして最も適切なものはどれか。,1,1.(イ)総発熱量　(ロ)真発熱量　(ハ)HHV　(ニ)LHV　(ホ)総発熱量,2.(イ)総発熱量　(ロ)真発熱量　(ハ)HHV　(ニ)LHV　(ホ)真発熱量,3.(イ)総発熱量　(ロ)真発熱量　(ハ)LHV　(ニ)HHV　(ホ)総発熱量,4.(イ)真発熱量　(ロ)総発熱量　(ハ)LHV　(ニ)HHV　(ホ)真発熱量,5.(イ)真発熱量　(ロ)総発熱量　(ハ)HHV　(ニ)LHV　(ホ)真発熱量,発熱量の定義には、水蒸気の潜熱を含む場合の発熱量である[ (イ) ]と、含まない場合の発熱量である[ (ロ) ]の二種類が設けられている。[ (イ) ]は[ (ハ) ]、[ (ロ) ]は[ (ニ) ]と呼ばれることもある。供給ガスの発熱量は一般に[ (ホ) ]で表す。,,,,,
9,法令で規定されている用語の定義及び事業の届出に関する次の記述のうち、いずれも誤っているものの組合せはどれか。,2,イ　ガス事業」とは、ガス小売事業、一般ガス導管事業、託送供給事業及びガス製造事業をいう。,ロ　「小売供給」とは、一般の需要に応じ導管によりガスを供給すること(特定ガス発生設備においてガスを発生させ、導管によりこれを供給するものにあっては、一の団地内におけるガスの供給地点の数が70以上のものに限る。)をいう。,ハ　「液化ガス」とは、常用の温度において、圧力が0.1MPa以上となる液化ガスであって、現にその圧力が0.1MPa以上であるもの又は圧力が0.1MPaとなる場合の温度が35°C以下である液化ガスをいう。,ニ　メタンを主成分とする13Aのガスグループに属するガスを供給する導管であって、内径が200mm未満であり、かつ、ガスの圧力が0.5MPa以上5MPa未満の導管であって、製造所等の構外における総延長が15kmを超えるものは、「特定導管」である。,ホ　ガス製造事業を営もうとする者は、経済産業省令で定めるところにより、ガス発生設備及びガスホルダーにあっては、これらの設置の場所、種類及び能力別の数を、経済産業大臣に届け出なければならない。,,,,,(1)イ、ロ　(2)イ、ハ　(3)ロ、ニ　(4)ハ、ホ　(5)ニ、ホ,
9,流体が内径0.1mの直円管内を流れている。平均流速が1m/sのとき、質量流量(kg/s)として最も近い値はどれか。ただし、流体の密度は1000kg/㎥とする。,1,(1) 8,(2) 10,(3) 16,(4) 31,(5) 100,,,,,,
9,内径200mmの直円管の一端を円錐状に絞り内径100mmの直円管をつなげ、一定の流量のガスを流している。内径200mmの直円管部分における平均流速が1.0m/sのとき、内径100mmの直円管部分における平均流速(m/s)として、最も近い値はどれか。ただし、管内でガスの密度は一定とする。,4,(1) 0.25,(2) 0.5,(3) 2.0,(4) 4.0,(5) 8.0,,,,,,
9,平板の熱伝導に関する次の記述のうち、誤っているものはどれか。ただし、平板内の熱伝導率は一定とし、熱伝導は定常な状態とする。,4,(1) 伝熱量は、単位時間あたりに平板を通過するエネルギー量である。,(2) 平板を通過する熱流束は、単位面積あたりの伝熱量である。,(3) 平板を通過する熱流束は、両面の温度差に比例する。,(4) 平板を通過する熱流束は、平板の厚みに比例する。,(5) 平板を通過する熱流束は、平板の熱伝導率に比例する。,,,,,,
9,平均熱伝導率2W/(m・K)、厚さ20cmの耐火レンガにおいて、高温側の表面の温度が800°C、熱流束が6kW/㎡であるとき、低温側の表面の温度(°C)として、最も近い値はどれか。,3,(1) 40,(2) 100,(3) 200,(4) 650,(5) 799,,,,,,
9,炭素鋼に関する次の記述のうち、誤っているものはどれか。,5,(1) 炭素鋼は、鉄に主な合金元素として炭素を含む鋼であり、少量の不純物を含んでいる。,(2) 炭素含有割合によって炭素0.30%以下は低炭素鋼、0.45%以上は高炭素鋼と呼ばれる。,(3) 引張強さが490MPa 未満の炭素鋼が一般に用いられ、490MPa以上の炭素鋼は高張力鋼と呼ばれる。,(4) 不純物としてリンは硬さや引張強さを増し、伸びを減らすが、延性 - ぜい性の遷移温度を高める。,(5) 炭素鋼は炭素量が増加するに従い引張強さは減少し、伸びは増す。,,,,,,
9,延性材料からなる円柱状の試験片に対し常温で引張試験を行った。降伏点での引張力が40000N、引張応力が200MPaであったとき、試験片の原断面積(㎡)として、最も近い値はどれか。,2,(1) 2 × 10⁻⁵,(2) 2 × 10⁻⁴,(3) 4 × 10⁻⁴,(4) 8 × 10⁻⁴,(5) 2 × 10⁻³,,,,,,
9,LNG設備に関する次の記述のうち、正しいものはどれか。,5,(1) 常圧断熱式縦置円筒形貯槽は、内槽と外掛からなる金属二重殻構造であり、断熱効果を高めるため内槽と外槽の空間は断熱材が充てんされるとともに、高度の真空状態に保たれている。,(2) 遠心式BOG圧縮機は、圧力上昇及び所要動力が吸入ガスの質量比にほぼ比例し、一般に高圧で小容量のものに使用される。,(3) 直接熱交換型シェルアンドチューブ式気化器は、ランニングコストが低廉であるためLNG1次受入基地のベースロード用として使用される。,(4) 逆止弁(チャッキ弁)は流体の流れを常に一定方向に保ち逆流を防止する機能を持つ弁で、直動式やパイロット式等がある。,(5) LNGローリー出荷設備において、LNGローリーとLNG配管を接続するためには、ローディングアーム又はフレキシブルホースが用いられる。,,,,,,
9,法令で規定されているガス主任技術者の選任及び解任に関する次の記述について、[   ]の中の(イ)〜(ホ)にあてはまる語句の組合せとして最も適切なものはどれか。,5,1.(イ)甲又は乙　(ロ)通算　(ハ)６ヶ月　(ニ)登録ガス工作物検査機関　(ホ)ガス主任技術者を解任する,2.(イ)甲(ロ)通算　(ハ)1年　(ニ)登録ガス工作物検査機関　(ホ)ガス小売事業者に対し、ガス主任技術者の解任を命ずる,3.(イ)甲又は乙　(ロ)連続　(ハ)1年　(ニ)登録ガス工作物検査機関　(ホ)ガス小売事業者に対し、ガス主任技術者の解任を命ずる,4.(イ)甲　(ロ)連続　(ハ)６ヶ月　(ニ)経済産業大臣　(ホ)ガス主任技術者を解任する,5.(イ)甲　(ロ)通算　(ハ)1年　(ニ)経済産業大臣　(ホ)ガス小売事業者に対し、ガス主任技術者の解任を命ずる,ガス小売事業者は、経済産業省令で定めるところにより、ガス主任技術者免状の交付を受けている者であって、経済産業省令で定める実務の経験を有するもののうちから、ガス主任技術者を選任しなければならない。,経済産業省令で定める実務の経験は、[ (イ) ]種ガス主任技術者免状の交付を受けている者にあっては製造又は供給の用に供するガス工作物の工事、維持又は運用に関する業務に[ (ロ) ]して[ (ハ) ]以上従事したこととし、当該経験と同等以上の実務の経験であると[ (ニ) ]が認定した経験をもって代えることができる。,経済産業大臣は、ガス主任技術者がガス事業法に違反したときは、[ (ホ) ]ことができる。,,,
9,法令で規定されている工事計画及び使用前検査に関する次の記述について、[   ]の中の(イ)〜(ホ)の語句のうち、いずれも誤っているものの組合せはどれか。,4,ガス小売事業者は、ガス小売事業の用に供するガス工作物の[ (イ)設置又は変更 ]の工事であって、経済産業省令で定めるものをしようとするときは、その工事の計画を[ (口)経済産業大臣 ]に届け出なければならない。,工事計画の届出をしたガス小売事業者は、その届出[ (ハ)を提出した ]1日から30日を経過した後でなければ、その届出に係る工事を開始してはならない。,工事計画の届出をしたガス小売事業者は、その工事をするガス工作物であって、経済産業省令で定めるものの工事について[ (二)完成検査 ]を行い、その結果について[ (ホ)登録ガス工作物検査機関 ]が行う検査を受け、これに合格した後でなければ、これを使用してはならない。ただし、経済産業省令で定める場合は、この限りでない。,,,,,,,(1)イ、ロ　(2)イ、ホ　(3)ロ、ニ　(4)ハ、ニ　(5)ハ、ホ,
9,技術基準で規定されているガス工作物に関する次の記述のうち、正しいものはいくつあるか。ただし、ハ、二及びホのガス工作物は、不活性のガス(空気を含む。)又は不活性の液化ガスのみを通ずるものではない。,3,イ. 整圧器(一の使用者にガスを供給するためのものを除く。)は、公衆がみだりに操作しないよう、適切な措置を講じなければならない。,口. 製造所(特定製造所を除く。)、供給所及び導管を管理する事業場には、緊急時に迅速な通信を確保するため、適切な通信設備を設けなければならない。,ハ. 製造所に設置するガス若しくは液化ガスを通ずるガス工作物には、その規模に応じて、適切な防消火設備を適切な箇所に設けなければならない。,ニ. ガス又は液化ガスを通ずるガス工作物を設置する室(製造所及び供給所に存するものに限る。)は、これらのガス又は液化ガスが漏えいしたとき室外に流出しない構造でなければならない。,ホ. ガス発生設備及び附帯設備であって製造設備に属するもののガス又は液化ガスを通ずる部分は、ガス又は液化ガスを安全に放出できる構造でなければならない。,,,,,,
9,技術基準で規定されているガス工作物に関する次の記述のうち、誤っているものはいくつあるか,3,イ. 最高使用圧力が中圧のガス発生設備であって、過圧が生ずるおそれのあるものには、その圧力を逃がすために適切なインターロック機構を設けなければならない。,ロ. 製造所、供給所又は移動式ガス発生設備に設置する遮断装置には、誤操作を防止し、かつ、確実に操作することができる措置を講じなければならない。,ハ. 移動式ガス発生設備には、ガス又は液化ガスを通ずる設備の損傷に至るおそれのある状態を検知し警報する適切な装置を設けなければならない。,ニ. ガスホルダーのガスを送り出し、又は受け入れるために用いられる配管には、ガスが漏えいした場合の災害の発生を防止するため、ガスの流出及び流入を速やかに遮断することができる適切な装置を適切な箇所に設けなければならない。,ホ. 最高使用圧力が低圧のガスホルダーは、受けるおそれのある熱に対し十分に耐えるものとし、又は適切な冷却装置を設置しなければならない。,,,,,,
10,技術基準で規定されているガス発生設備等に関する次の記述のうち、誤っているものはどれか。,1,(1) 温水で加熱する構造の気化装置であって、加熱部の温水が流出するおそれのあるものには、これを防止する措置を講じなければならない。,(2) ガス(不活性のガスを除く。)を発生させる設備(特定ガス発生設備及び移動式ガス発生設備を除く。)は、使用中に生じた異常による災害の発生を防止するため、その異常が発生した場合に迅速かつ安全にガスの発生を停止し、又は迅速かつ安全にガスを処理することができるものでなければならない。,(3) 移動式ガス発生設備には、容器の腐食及び転倒並びに容器のバルブの損傷を防止する適切な措置を講じなければならない。,(4) 特定ガス発生設備の容器又は容器の設置場所には、容器内の圧力が異常に上昇しないよう適切な温度に維持できる適切な措置を講じなければならない。,(5) 最高使用圧力が低圧のガス発生設備(特定ガス発生設備並びに移動式ガス発生設備及び液化ガスを通ずるものを除く。)であって過圧が生ずるおそれのあるものには、その圧力を逃がすために適切な圧力上昇防止装置を設けなければならない。,,,,,,
10,技術基準で規定されているガス工作物に関する次の記述のうち、いずれも誤っているものの組合せはどれか。,3,イ. ガス栓の主要材料は、最高使用温度及び最低使用温度において材料に及ぼす化学的及び物理的影響に対し、設備の種類、規模に応じて安全な機械的性質を有するものでなければならない。,口. 液化ガス用ポンプは、適切な方法により耐圧試験を行ったときにこれに耐えるものでなければならない。,ハ. 液化ガスを通ずる配管の基礎の構造は、不等沈下等により当該ガス工作物に有害なひずみが生じないようなものでなければならない。,ニ. ガス工作物のガス又は液化ガスを通ずる部分であって、内面に零 Paを超える圧力を受ける部分の溶接された部分は、溶込みが十分で、溶接による割れ等で有害な欠陥がなく、かつ、設計上要求される強度以上の強度でなければならない。,ホ. 最高使用圧力が0.3MPa以上で、内径が150mm以上の中圧の導管を溶接する場合は、適切な機械試験等により適切な溶接施工方法等であることをあらかじめ確認したものによらなければならない。,,,,,(1)イ、ロ　(2)イ、ホ　(3)ロ、ハ　(4)ハ、ニ　(5)ニ、ホ,
10,技術基準で規定されているガス工作物に関する次の記述について、[   ]の中の(1)〜(5)の語句のうち、誤っているものはどれか。,5,告示で定める着脱が容易なガス栓は、内部に[ (1)過流出安全機構 ]を有するものでなければならない。,ガスの使用場所である超高層建物、高層建物又は特定大規模建物にガスを供給する導管には、危急の場合にガスを速やかに[ (2)遮断 ]することができる適切な装置を適切な場所に設けなければならない。,"ガス事業者がガスの使用者との取引のために使用するガスメーター(使用最大流量が毎時 ,[ (3)16 ]㎥以下、使用最大圧力が4kPa以下及び口径250mm以下のものに限る。)は、ガスが流入している状態において、災害の発生のおそれのある大きさの地震動、[ (4)過大な ]ガスの流量又は異常なガス圧力の[ (5)上昇 ]を検知した場合に、ガスを速やかに遮断する機能を有するものでなければならない。",,,,,,,,
10,技術基準で規定されている道路に埋設されている導管からガス栓までの導管等の漏えい検査及び導管の設置場所に関する次の記述のうち、正しいものはいくつあるか。ただし、口及びハについては、漏えい検査を行う区間に漏えい検知装置は設置されておらず、検査にあたって導管等が設置されている場所に立ち入ることができるものとする。,2,イ. 適切な漏えい検知装置が適切な方法により設置されている場合は、設置の日以後4年に1回以上、適切な方法により検査を行い、漏えいが認められなかったものでなければならない。,口. ポリエチレン管を使用している場合は、埋設の日以後4年に1回以上、適切な方法により検査を行い、漏えいが認められなかったものでなければならない。,ハ. 絶縁措置が講じられた部分からガス栓までの間でプラスチックにて被覆された部分については、漏えい検査を要しない。,ニ. 漏えい検査を、基準日前4月以内の期間に行った場合にあっては、基準日において当該検査を行ったものとみなす。,ホ. 特定地下室等にガスを供給する導管は、適切な方法により設置された適切なガス漏れ警報設備の検知区域において、当該特定地下室等の外壁を貫通するように設置しなければならない。,,,,,,
10,技術基準で規定されている導管及び整圧器に関する次の記述のうち、正しいものはいくつあるか。,4,イ. ガス事業者の掘削により周囲が露出することとなった導管の露出している部分の両端は、地くずれのおそれがない地中に支持されていなければならない。,ロ. ガス事業者の掘削により周囲が露出することとなったガスの供給の用に供されている導管で、露出している管の接合部がフランジ接合のものには、抜出しを防止する適切な措置を講じなければならない。,ハ. 最高使用圧力が高圧の整圧器には、ガスの漏えいによる火災等の発生を防止するための適切な措置を講じなければならない。,ニ. 整圧器の入口には、ガス遮断装置を設けなければならない。,ホ. 整圧器の制御用配管、補助整圧器その他の附属設備は、地震に対し耐えるよう支持されていなければならない。,,,,,,
10,都市ガスの原料に関する次の記述のうち、いずれも誤っているものの組合せはどれか。,4,イ. バイオガスは二酸化炭素や有害成分が含まれるため、都市ガス原料とするには精製する必要がある。,口. 軽質と重質の異種LNGを同じ貯槽に受け入れる場合、ロールオーバーの原因となる層状化を生じさせないよう注意深く受入方法を設定する必要がある。,ハ. LNGポンプの運転においては、急激な圧力上昇や温度低下により、キャビテーションが発生しないように注意する。,ニ. 天然ガスの液化工程において行われる重質分除去は、低温部材として広く利用されるアルミニウムの腐食防止の観点から重要である。,ホ. 配管等をクールダウンする際は、配管下部と上部の温度差が大きくなることによりボーイングが生じないよう、時間をかけることが必要である。,,,,,"(1) イ,ロ　(2) ロ,ハ　(3) イ,ホ　(4) ハ,二　(5) 二,ホ",
10,法令で規定されているガス用品及び「特定ガス消費機器の設置工事の監督に関する法律」に関する次の記述について、[   ]の中の(イ)〜(ホ)の語句のうち、いずれも誤っているものの組合せはどれか。,1,「ガス用品」とは、主として一般消費者等がガスを消費する場合に用いられる機械、器具又 は[ (イ)部品 ]であって、政令で定めるものをいう。,ガス用品の製造、輸入又は販売の事業を行う者は、経済産業省令で定める基準適合表示が付されているものでなければ、ガス用品を販売し、又は[ (口)販売の目的で陳列 ]してはならない。,特定工事事業者は、特定工事を施工するときは、特定工事が[ (ハ)ガス用品 ]の技術上の基準に適合することを確保するため、[ (二)ガス消費機器設置工事監督者 ]の資格を有する者に実地に監督をさせなければならない。,"特定工事事業者は、特定工事を施工したときは、当該特定工事に係る特定ガス消費機器の 
見やすい場所に、氏名又は名称、[ (ホ)施工年月日 ]その他経済産業省令で定める事項を記載した表示を付さなければならない。",,,,,,(1)イ、ハ　(2)イ、ニ　(3)ロ、ハ　(4)ロ、ホ　(5)ニ、ホ,
10,法令で規定されている消費機器に関する周知及び調査、保安業務規程に関する次の記述のうち、誤っているものはどれか。,3,(1) ガス小売事業者は、消費機器を使用する者に対し、当該ガス小売事業者が供給するガスの使用に伴う危険の発生の防止に関し必要な事項を周知させなければならない。,(2) ガス小売事業者は、その供給するガスに係る消費機器が経済産業省令で定める技術上の基準に適合しているかどうかを調査しなければならない。ただし、その消費機器を設置し、又は使用する場所に立ち入ることにつき、その所有者又は占有者の承諾を得ることができないときは、この限りでない。,(3) 経済産業大臣は、消費機器が経済産業省令で定める技術上の基準に適合していないと認めるときは、その所有者又は占有者に対し、その使用を一時停止すべきことを命ずることができる。,(4) ガス小売事業者は、保安業務規程に保安業務を管理する事業場ごとの保安業務監督者の選任に関することを定めなければならない。,(5) ガス小売事業者は、保安業務規程に保安業務に従事する者に対する保安に係る教育及び訓練に関することを定めなければならない。,,,,,,
10,消費機器の技術上の基準で規定されている次の記述のうち、誤っているものはどれか。,1,(1) 自然排気式の燃焼器の排気筒の天井裏、床裏等にある部分は、燃焼器出口の排気ガスの温度が100°Cを超える場合は、金属材料で覆わなければならない。,(2) 自然排気式の燃焼器であって、技術上の基準により排気筒を設けるものは、当該排気筒の有効断面積以上の有効断面積を有する給気口その他給気上有効な開口部を設けた室に設置しなければならない。,(3) 屋内に設置するガスの消費量が12kWを超えるガス衣類乾燥機には、排気筒を設けなければならない。ただし、当該燃焼器の構造上その他の理由によりこれによることが困難な場合において、当該燃焼器のための排気フードを設けるときは、この限りでない。,(4) 屋内に設置する密閉燃焼式ガスふろがまの給排気部の先端は、障害物又は外気の流れによって給排気が妨げられない位置になければならない。,(5) 建物区分のうち超高層建物(住居の用に供される部分については、調理室に限る。)に設置される燃焼器(屋外に設置するものを除く。)には、自動ガス遮断装置を適切に設け、又は告示で定める規格に適合するガス漏れ警報器を告示で定める方法により設けなければならない。,,,,,,
10,実在気体の臨界現象に関する次の記述のうち、誤っているものはどれか。,5,(1) 臨界温度及び臨界圧力を超えた温度及び圧力のガスを超臨界ガスと呼ぶ。,(2) 気体が等温で圧縮され、液化が始まり、気体と液体が共存するときの圧力を飽和蒸気圧という。,(3) メタンの臨界温度は約-83°Cであるから、メタンを液化するにはこの温度以下にする必要がある。,(4) 二酸化炭素は臨界温度が比較的高いので、常温で圧力を加えるだけで液化する。,(5) 臨界温度より高い温度の気体であっても、圧力を上げれば液化することができる。,,,,,,
10,プロパン22kgを27°C、100kPaで完全に気化させた場合の体積(㎥)として、最も近い値はどれか。ただし、プロパンは理想気体とし、気体定数は8.3J/(mol・K)とする。,2,10,12,16,20,34,,,,,,
10,メタンとプロパンをある体積比で混合したところ、同一温度、同--圧力の空気と密度が等しくなった。メタンとプロパンの体積比として、最も近い値はどれか。ただし、空気は窒素と酸素が体積比4:1で混合したものとし、物質はいずれも理想気体とする。,2,(1) 50:50,(2) 54:46,(3) 60:40,(4) 70:30,(5) 82:18,,,,,,
10,カルノーサイクルにおいて、次の温度条件のうち、熱効率が最大になるものはどれか。,3,"(1) 高温熱源 : 1000K, 低温熱源 : 400K","(2) 高温熱源 : 1000K, 低温熱源 : 500K","(3) 高温熱源 : 1200K, 低温熱源 : 300K","(4) 高温熱源 : 1200K, 低温熱源 : 500K","(5) 高温熱源 : 1400K, 低温熱源 : 500K",,,,,,
10,気体の熱力学に関する次の記述のうち、誤っているものはどれか。,2,(1) 熱も仕事もエネルギーの一形態である。,(2) カルノーサイクルを用いると、仕事は熱に、熱は仕事に完全に変えることができる。,(3) 等温、定圧で2種の理想気体を混合すると、エントロピーは増加する。,(4) 理想気体を可逆的に断熱膨張させた場合、気体の温度は低下する。,(5) 断熱系における理想気体の自由膨張では、気体の温度は変化しない。,,,,,,
10,化学反応と化学平衡に関する次の記述のうち、誤っているものはどれか。,4,(1) 電気化学反応は、化学反応を電子の授受を介して行うもので、電子を放出する反応をアノード反応という。,(2) 燃焼では、発熱を伴う激しい物質の化学反応が起こる。,(3) ル・シャトリエの原理は、平衡状態にある反応系で、その状態に対して何らかの変動を加えたとき、平衡が移動する方向を示す原理のことである。,(4) 酸化反応は、対象とする物質が電子を受け取る化学反応のことである。,(5) 一次電池とは、直流電力の放電のみができ、充電ができない電池のことである。,,,,,,
10,製造設備の制御システムに関する次の記述のうち、誤っているものはどれか。,2,(1) 制御システムでは、システムへの不正アクセスによるトラブル等に伴うリスクを把握し、必要と判断するセキュリティ対策を行う。,(2) ファイヤーウォール等の設置、不要なUSBポートやLANポートの閉そく、重要機器設置場所への錠や入退室管理装置の設置等、一旦セキュリティ対策を導入すれば、以降の対応は不要である。,(3) セキュリティ対策で考慮すべき事項として、「情報の利用促進」と「セキュリティ確保」のバランス、「想定される損害」と「対策レベル」のバランスが挙げられる。,(4) 制御システムの信頼性を高める冗長化の方法として、CPUや電源ユニット、通信ネットワークの機能を対象に主機系と待機系を備える方法や、制御システム全体を二重化する方法がある。,(5) 制御システムの信頼性を高める方式のひとつである電磁リレーによるシーケンス制御回路方式は、インターロック回路やトリップ回路等の重要な制御系統で利用されている。,,,,,,
11,都市ガスの熱量調整と燃焼性、特殊成分の分析に関する次の記述のうち、いずれも誤っているものの組合せはどれか。,1,イ. 導管中でガス温度が露点域になると、LPG等の液化によるガス発熱量の増加、導管の閉そく等が発生するため、露点の管理が重要である。,ロ. ガスクロマトグラフは、気体試料の各成分の固定相に対する溶解性、吸着性が強いほど移動速度が速くなる性質を利用したものである。,ハ. ガスクロマトグラフの水素炎イオン化検出器(FID)は、有機化合物のほとんどを高感度に検出する。,ニ. ガス事業法では、天然ガスとプロパンを混合したガスや、プロパンに空気を混入したガスは、特殊成分検査を免除されている。,ホ. 特殊成分の分析方法であるイオンクロマトグラフ法は、全硫黄及びアンモニアの分析に使用できる。,,,,,"(1) イ, 口　(2) イ, ホ　(3) ハ, ニ　(4) 口, ニ　(5) ハ,ホ",
11,都市ガスの付臭に関する次の記述のうち、いずれも誤っているものの組合せはどれか。,5,イ. 付臭剤貯蔵タンクや注入装置等の付臭設備は、密閉した室内に設置することが望ましく、同室内はやや負圧にし、換気のために吸引した空気は活性炭で脱臭し排出する。,ロ. 付臭方式のうち、手動式滴下注入方式と蒸発方式は、流量の変動が少ない小規模の付臭に用いられる。,ハ. パネル法は、あらかじめ適正に選定された臭気の判定者3名以上により、においの有無を判定し、ガスの臭気濃度を求める方法である。,ニ. FPD付ガスクロマトグラフ法で測定できる付臭剤成分は、テトラヒドロチオフェン(THT)、ターシャリーブチルメルカプタン(TBM)、ジメチルサルファイド(DMS)等の有機硫黄化合物である。,ホ. 付臭剤は、極めて低い濃度でも特有の臭気が認められること、嗅覚疲労を起こしやすいこと等の要件を備えていることが必要である。,,,,,"(1) イ, ハ　(2) イ, ニ　(3) ロ, ニ　(4) ロ, ホ　(5) ハ, ホ",
11,製造所の保安設備に関する次の記述のうち、誤っているものはどれか。,3,(1) 可燃性のガス又は液化ガスを通ずるガス工作物は、ボイラー等の火気を取り扱う設備までの最低限必要な距離が定められている。,(2) 遮断装置には、誤操作を防止し、かつ確実に操作することができる措置を講ずる必要がある。,(3) 気化装置には、液化ガスが液体のまま気化装置から先へ流出することを防止する逆流防止装置の設置が必要である。,(4) フレアースタックは、発生するふく射熱が周囲に障害を与えないよう適切な措置を講ずる必要がある。,(5) ガスホルダーや液化ガス用貯槽のガス又は液化ガスを送り出し、又は受け入れるために用いられる配管には、手動弁、遠隔操作弁及び緊急遮断装置等を設ける必要がある。,,,,,,
11,製造設備の建設及び操業に関する次の記述のうち、いずれも誤っているものの組合せはどれか。,3,イ. LNGローリーの運行においては、気象条件や交通事情による不測の事態に対応できるように、LNG在庫確保や出荷元の複数化等の対策を事前に講じておくことが望ましい。,ロ. 耐震設計を行う上で重要なことは、構造設計、安全設計、防災設計であり、防災設計とは地震時に異常が発生しても安全性を確保できるよう設計するものである。,ハ. ガス製造能力に関係する設備の定期修理計画策定にあたっては、ガス製造計画や製造設備稼動計画をもとにして、ピーク時における最大必要能力を確保する必要がある。,ニ. LNGサテライト基地におけるLNG熱量は、出荷元のLNG熱量に依存するため、熱量管理においては基地の貯槽内濃縮には留意しなくてもよい。,ホ. 「あらかじめ確認」とは、溶接施工法、溶接士技能が技術基準に適合しているか否かをガス主任技術者が確認する行為である。,,,,,"(1) イ, 口　(2) イ, ハ　(3) 口, 二　(4) ハ,ホ　(5) 二,ホ",
11,製造設備の保全に関する次の記述のうち、いずれも誤っているものの組合せはどれか。,3,イ. 異種金属接触腐食は、電位の異なる金属間に腐食電池が形成され、電位が卑な方の金属がアノード、貴な方の金属がカソードとなり、前者の腐食が進行する。,ロ. ステンレス鋼のすきま腐食の原因として、すきま内に塩化物イオンが蓄積するとともに、pHが低下して不動態が形成され、すきまの外の部分との間に腐食電池を形成することがあげられる。,ハ. ポンプのインペラのように、材料と流動する溶液の界面で気泡の発生と破壊を繰り返す結果生ずる孔食状の腐食は、キャビテーションエロージョンと呼ばれる。,ニ. 部材に形状的な不連続や切り欠きが存在して応力集中が高くなるほど、疲労強度は増加する。,ホ. 浸透探傷試験(PT)は、金属、非金属のあらゆる材料の表面欠陥を検出することができる,,,,,"(1) イ, 口　(2) イ, ホ　(3) 口, ニ　(4) ハ, ニ　(5) ハ, ホ",
11,環境対策に関する次の記述のうち、いずれも誤っているものの組合せはどれか。,5,イ. LNG、LPGは硫黄分や窒素分等をほとんど含まず、都市ガスの製造段階において大気環境に負荷を与えるSOx(硫黄酸化物)、NOx(窒素酸化物)の発生はほとんどない。,ロ. COD(化学的酸素要求量)とは、水中の有機物を酸化剤で分解する際に消費される酸化剤の量を酸素量に換算したものである。,ハ. 調節弁による流量制御方式は、設備投資が安価であるが、流量を絞った場合に調節弁での動力損失が小さくなる。,ニ. 一般に、LNG冷熱の40 ~ 50%は、ガス送出圧力エネルギーとして回収しており、残りの未利用の冷熱エネルギーの利用が工夫されている。,ホ. メタンを主成分とする天然ガスは、石油や石炭に比べ、分子中の炭素原子の割合が大きいため、燃焼時の二酸化炭素排出量が最も少ない化石燃料である。,,,,,"(1) イ, ニ　(2) イ, ホ　(3) 口, ハ　(4) 口, ニ　(5) ハ, ホ",
11,A点からB点にガスを200㎥/h供給している低圧導管AB(口径20cm、延長200m)がある。このとき、A点の圧力PAは2.3kPa、B点の圧力PBは2.1kPaであった。(図1),4,1.5,1.6,1.7,1.8,1.9,,今、図2のようにAB間の中間点(A点から100m)のC点にもガスを200㎥/h供給することになった。A点の圧力PAが2.3kPaのとき、B点の圧力PB(kPa)として最も近い値はどれか。ただし、高低差は考慮しないものとする。,,,,
11,整圧器に関する次の記述のうち、誤っているものはどれか。,5,(1) パイロット式整圧器は、一次圧力と二次圧力の差圧が一定以上確保されない場合、作動できなくなる。,(2) 動特性は、負荷変動の大きいところに使用される整圧器にとって重要な特性である。,(3) 流量特性線図とは、流量とメインバルブ開度(ストローク)の関係を表したものをいう。,(4) 圧力上昇防止装置は、整圧器の故障により、二次側の圧力が異常に上昇することを防止するために用いられる。,(5) 特定の流量時における二次圧力を基準状態としたとき、流量が増大するに従い二次圧力は基準状態の圧力より低下する。このずれのことをシフトという。,,,,,,
11,ガスメーターに関する次の記述のうち、正しいものはどれか。,2,(1) 回転子式ガスメーターは、回転子の回転数から流量を推測計量する。,(2) 口径が250mmを超えるガスメーターは、計量法の規定による検定の対象外である。,(3) オリフィス式ガスメーターは、オリフィス前後の圧力差を測定することにより、流量を容積計量する。,(4) 計量法の規定により、使用最大流量が25㎥/hの検定対象ガスメーターの検定有効期間は10年である。,(5) マイコンメーターは、内管の少量漏れや口火を連続使用した場合等、30日間連続してガスが流れ続けた場合、遮断する。,,,,,,
11,外径200mm、管厚5mmの導管が内圧0.5MPaを受けるときに生じる円周方向の応力(N/㎟)として最も近い値はどれか。,3,4.5,5,9.5,10,19,,,,,,
11,腐食と防食に関する次の記述のうち、誤っているものはどれか。,4,(1) 鋳鉄管と鋼管が電気的に接続されている場合、異種金属接触によるマクロセル腐食のため、鋼管がアノードとなって腐食する。,(2) ミクロセル腐食とは、金属表面においてアノードとカソードの部位が刻々と変化するタイプの腐食で、全面腐食となる。,(3) 導管における設計上の防食電位は、安全を考慮して、管対地電位を-1000mV(飽和硫酸銅電極基準)程度とすることが望ましい。,(4) 流電陽極法とは、導管よりも自然電位がプラス側の金属を接続することで、導管へ防食電流を流入させ腐食を防止する方法である。,(5) 建物に引き込まれた配管は、マクロセル腐食の原因となるコンクリートに接触する機会が多いため、一般に埋設配管部近くの架空配管部に絶縁継手を設置する。,,,,,,
11,導管の工事に関する次の記述のうち、誤っているものはどれか。,5,(1) 導管の接合のうち、機械的接合は主として鋳鉄管又は口径80mm以下の小口径の鋼管の接合に使用される。,(2) ポリエチレン管の接合である融着には、ヒートフュージョン接合とエレクトロフュージョン接合がある。,(3) 架管の施工において、橋台等の壁貫通部にスリーブを設け、スリーブとガス管の隙間には弾力性のあるシール材を隙間なく充てんした。,(4) 気密試験の方法として、ガス濃度が0.2%以下で作動するガス検知器を使用し、ガス検知器が作動しないことにより判定した。,(5) 工事着手前に、道路管理者から道路使用許可を取得した。,,,,,,
11,溶接と非破壊試験に関する次の記述のうち、いずれも誤っているものの組合せはどれか。,3,イ. 被覆アーク溶接の被覆剤(フラックス)には、溶接金属の凝固・冷却の速度を緩やかにし、上向きその他種々の位置の溶接を容易にする効用がある。,ロ. ティグ溶接は、スラグでアーク及び溶融池を完全にシールドしているため、不純物が混入せず、高品質な溶接が得られる。,ハ. 溶接の形状不良には、ビード形状の不良、オーバーラップ、クレーター等がある。,ニ. 放射線透過試験は、きずの形状がわかり易く直観性があるが、フィルムの現像等のため、試験結果の確認までに時間がかかる。,ホ. 導管のすみ肉溶接部における開先形状は、V、U形がよく用いられる。,,,,,(1)イ、ロ　(2)イ、ハ　(3)ロ、ホ(4)ハ、ニ　(5)ニ、ホ,
11,導管の維持管理に関する次の記述のうち、いずれも誤っているものの組合せはどれか。,1,イ. 半導体式ガス検知器は、半導体の電導度が雰囲気ガスの燃焼によって変化することを利用したもので、検知可能なガスは可燃性であることに限定される。,口. 鋼製修理バンド工法とは、管体の修理箇所に鋼製修理バンドを突合せ溶接により取り付ける工法である。,ハ. 敷地内の他工事対策の1つとして、ガス設備の資産区分、解体、改装時の注意事項等を記載したチラシ等を配付し需要家への注意喚起を図る。,二. 埋設部のガス漏えい箇所を早期に発見し適切な修理を行うことは、地下水による浸水予防対策として有効である。,ホ. 更生修理工法施工済み導管についてモニタリングを実施し、材料の耐久性を確認する。,,,,,(1)イ、ロ　(2)イ、ハ　(3)ロ、ホ(4)ハ、ニ　(5)ニ、ホ,
11,地震対策に関する次の記述のうち、誤っているものはどれか。,5,(1) 中・低圧導管では、配管系の地盤変位吸収能力と設計地盤変位とを比較することにより耐震性を評価する。,(2) マイコンメーターには、ガスメーターの設置場所において250ガルを超える地震動を継続して検知した場合に遮断する機能がある。,(3) SI値は、地震による一般的な建物の揺れの大きさを評価する指標であり、速度の単位カイン(cm/s)で表わされる。,(4) 地震対策は、基本的に設備対策、緊急対策、復旧対策の3つの対策で構成されている。,(5) 移動式ガス発生設備のうち、空気吸入式(PA式)は、ボンベに圧縮。充てんされた熱量調整・付臭済みの天然ガスを供給するものである。,,,,,,
12,ガスの燃焼方式に関する次の記述のうち、誤っているものはどれか。,2,(1) 赤火燃焼式は、ガスをそのまま大気中に噴出して燃焼させる方式で、燃焼に必要な空気は、すべて周囲大気から拡散によって供給される。,(2) 炎の温度は、ブンゼン燃焼式より赤火燃焼式の方が高い。,(3) 濃淡燃焼バーナーは、全一次空気式バーナーとブンゼンバーナーを交互に配置した構造となっている。,(4) ブラスト燃焼とは、燃焼用の空気をバーナー内にファンで強制的に送り込み、ノズルから噴出されるガスと混合し燃焼させる方式である。,(5) 触媒燃焼とは、可燃性ガスと酸素との反応を促進させる固体触媒を使用し燃焼させる方式である。,,,,,,
12,ガス燃焼時に生じるリフティングの原因に関する次の記述のうち、誤っているものはどれか。,4,(1) バーナー内のガス圧が高すぎて、ガスが出すぎる。,(2) -一次空気の吸引が多すぎて、混合ガス量が増えすぎる。,(3)燃焼室内の給排気不良により、二次空気が極端に減少する。,(4) バーナー部分が高温になり、そこを通る混合ガスの温度が上がりすぎる。,(5) バーナーの炎口が詰まって、炎口の有効面積が極端に小さくなる。,,,,,,
12,家庭用ガス温水機器に関する次の記述のうち、誤っているものはどれか。,5,(1) 給湯器の自己診断機能には、給排気通路の閉そく状態を検知する方法として、燃焼状態により診断する方法と給気ファンの風量低下により診断する方法とがある。,(2) 潜熱回収型給湯器の中和器内では、炭酸カルシウムと排ガス凝縮水中の硝酸水との反応により、硝酸カルシウムが生成される。,(3) 先止め式瞬間湯沸器は、出湯側に給湯配管を接続し、複数箇所に給湯することができる。,(4) 現在販売されている開放式小型湯沸器には、不完全燃焼防止装置が複数回連続して作動したときに、通常の操作による再点火ができなくなるインターロック機能が搭載されている。,(5) 給湯器の出湯温度は、設定温度との差を補正するためのフィードフォワード制御によりばらつきが抑えられている。,,,,,,
12,家庭用ガス機器に関する次の記述のうち、誤っているものはどれか。,5,(1) マイコンタイマー式炊飯器は、炊き分け機能、早炊き機能等を有し、自動的にガス量や燃焼時間をコントロールしながら炊き上げるものである。,(2) FF暖房機では一般に、給気管は軟質塩化ビニール製、排気管はステンレス鋼板製である。,(3) 「Siセンサーコンロ」の標準搭載機能は、調理油過熱防止装置、立ち消え安全装置、消し忘れ消火機能、早切れ防止機能である。,(4) 回転ドラム式衣類乾燥機は、空気で希釈された燃焼排ガスにより、ドラムの中の洗濯物を直接乾燥させるものである。,(5) ファンヒーターには、不完全燃焼防止装置が搭載されているので、使用に際して換気をする必要はない。,,,,,,
12,コージェネレーションシステム及びガス冷暖房機器に関する次の記述のうち、誤っているものはどれか。,4,(1) 固体酸化物形燃料電池(SOFC)の作動温度は、固体高分子形燃料電池(PEFC)の作動温度より高い。,(2) 家庭用燃料電池システム(エネファーム)には、停電時発電継続機能やIoT技術を活用した遠隔監視機能を搭載したものがある。,(3) コージェネレーションシステムの運転方式は、電主熱従運転と熱主電従運転とに分類され、さらに電主熱従運転はピークカット運転とベースロード運転とに分類される。,(4) 吸収冷凍機の二重効用吸収冷凍サイクルでは、蒸発プロセスの効率向上のため、二つの蒸発器が用いられている。,(5) ガスエンジンヒートポンプ(GHP)の冷房と暖房の切り替えは、室外機内の四方(切替)弁で冷媒の流れを変えることによって行う。,,,,,,
12,換気及び一酸化炭素(CO)中毒に関する次の記述のうち、誤っているものはどれか。,1,(1) 機械換気における第3種換気とは、給気機と排気機を用いる方法で、室内の圧力を給気量と排気量の割合で調節できる。,(2) 従来の木造住宅では、1.5~3回/h程度の自然換気回数が見込まれたが、近年の高気密住宅では、自然換気回数は0.1回/h程度といわれている。,(3) 台所等の火気を使用する部屋の必要換気量は、レンジフードの形状等による定数と、理論排ガス量及び燃料消費量に基づき算出される。,(4) CO中毒は、COが血液中のヘモグロビンと結合し、ヘモグロビンが酸素を運搬できなくなるために引き起こされる。,(5) CO中毒の症状は、空気中のCO濃度と吸入時間によって変化する。,,,,,,
12,ガス機器の給排気方式に関する次の記述のうち、誤っているものはどれか。,2,(1) 開放式機器は、燃焼用の空気を屋内から取り、燃焼排ガスをそのまま屋内へ排出する。,(2) 強制排気式(FE式)機器の排気筒トップは、風圧帯内に設置することができない。,(3) 自然給排気式(BF式)機器を設置した室には、専用の給気口、換気口は必要ない。,(4) 強制給排気式(FF式)機器は、給排気筒を延長できるため、機器本体が外壁に面している必要はない。,(5) 屋外式(RF式)機器は、建物外壁に設置されるだけでなく、集合住宅のパイプシャフトの扉部等にも設置される。,,,,,,
12,ガス機器の安全装置及び制御装置に関する次の記述のうち、誤っているものはどれか。,1,(1) 空だき安全装置は、温水機器やふろがま内に水がない場合、バーナーのガス通路を開けず空だきにならないようにする安全装置である。,(2) 開放式小型湯沸器の不完全燃焼防止装置には、逆バイアス熱電対が用いられている。,(3) 自然排気式(CF式)ふろがまの不完全燃焼防止装置には、熱電対を用いるものとサーミスターを用いるものとがある。,(4) 比例電磁弁は、コイルに流れる電流による電磁力により弁を制御し、連続的にガス量を調節するものである。,(5) 浴槽や貯湯槽の水位を一定に保つための制御方式には、水位センサー式、水位スイッチ式及びボールタップ式がある。,,,,,,
12,警報器に関する次の記述のうち、誤っているものはどれか。,3,(1) 接触燃焼式ガス警報器では、検知回路の出力とガス濃度がほぼ比例関係にある。,(2) 熱線型半導体式ガス警報器では、検知回路の出力は濃度の薄いガスに対して比較的敏感で、濃度が上昇すると穏やかになる。,(3) ガス警報器は、ガスの濃度が爆発下限界の一のときに確実に作動することがガス事業法の告示において規定されている。,(4) CO警報器では、酸化スズ半導体センサーの感度低下を防止するため、間欠的に高温加熱するヒートクリーニングが必要である。,(5) 業務用換気警報器には、温度、湿度及び一酸化炭素以外のガス等の影響を受けにくい電気化学式センサーが用いられている。,,,,,,
12,技術基準で規定されているガス工作物に関する次の記述のうち、正しいものはいくつあるか。,4,(イ)　ガス栓の主要材料は、最高使用温度及び最低使用温度において材料に及ぼす化学的及び物理的影響に対し、設備の種類、規模に応じて安全な機械的性質を有するものでなければならない。,(ロ)　ガスホルダーの構造は、供用中の荷重並びに最高使用温度及び最低使用温度における最高使用圧力に対し、設備の種類、規模に応じて適切な構造でなければならない。,(ハ)　昇圧供給装置は、適切な方法により耐圧試験を行ったときにこれに耐えるものでなければならない。,(ニ)　ガス工作物のガス又は液化ガスを通ずる部分であって、内面に零 Paを超える圧力を受ける部分の溶接された部分は、溶込みが十分で、溶接による割れ等で有害な欠陥がなく、かつ、設計上要求される強度以上の強度でなければならない。,(ホ)　最高使用圧力が0.3MPa以上で、内径が150mm以上の中圧の導管を溶接する場合は、 適切な機械試験等により適切な溶接施工方法等であることをあらかじめ確認したものによらなければならない。,,,,,,
12,技術基準で規定されているガス発生設備等に関する次の記述のうち、誤っているものはいるものはいくつあるか。,1,(イ)　ガス(不活性のガスを除く。)を発生させる設備(特定ガス発生設備及び移動式ガス発生設備を除く。)は、使用中に生じた異常による災害の発生を防止するため、その異常が発生した場合に迅速かつ安全にガスの発生を停止し、又は迅速かつ安全にガスを処理することができるものでなければならない。,(ロ)　温水で加熱する構造の気化装置であって、加熱部の温水が流出するおそれのあるものには、これを防止する措置を講じなければならない。,(ハ)　移動式ガス発生設備には、容器の腐食及び転倒並びに容器のバルブの損傷を防止する適切な措置を講じなければならない。,(ニ)　特定ガス発生設備の容器又は容器の設置場所には、容器内の圧力が異常に上昇しないよう適切な温度に維持できる適切な措置を講じなければならない。,(ホ)　最高使用圧力が低圧のガス発生設備(特定ガス発生設備並びに移動式ガス発生設備及び液化ガスを通ずるものを除く。)であって過圧が生ずるおそれのあるものには、その圧力を逃がすために適切な圧力上昇防止装置を設けなければならない。,,,,,,
12,「ガス事業法」及び「特定ガス消費機器の設置工事の監督に関する法律」に関する次の記述について、[   ]の中の(イ)~(ホ)の語句のうち、誤っているものはいくつあるか。,5,,,,,,消費機器の設置又は変更の工事は、[ (イ)ガス用品 ]の技術上の基準に適合するようにしなければならない。,「特定ガス消費機器」とは、[ (ロ)製造年月日 ]・使用状況等からみて設置又は変更の工事の欠陥に係るガスによる災害の発生のおそれが多いと認められる消費機器であって、政令で定めるものをいう。,「特定工事」とは、特定ガス消費機器の設置又は変更の工事をいう。,特定工事事業者は、特定工事を施工するときは、技術上の基準に適合することを確保するため、[ (ハ)保安業務監督者に選任されている ]者に[ (ニ)事前に確認 ]させなければならない,特定工事事業者は、特定工事を施工したときは、当該特定工事に係る特定ガス消費機器の見やすい場所に、氏名又は名称、[ (ホ)主要材料 ]その他の経済産業省令で定める事項を記載した表示を付さなければならない。,
12,外径 200 mm の鋼管が内圧1MPa を受ける場合、ガス事業法の管厚計算式を用いたときの管厚(mm)として最も近い値はどれか。なお、この鋼管 の外径と内径の比は1.5以下とし、鋼管の許容引張応力は 62 N/㎟、継手効率 1.00、腐れしろ1mmとする。,5,,,,,,(1)　1.8,(2)　2.0,(3)　2.2,(4)　2.4,(5)　2.6,
12,法令で規定されているガス事業法の目的に関する次の記述について、[   ]の中の(イ)〜(ホ)の語句のうち、正しいものはいくつあるか。,1,,,,,,この法律は、[ (イ)国の関与を最小限に ]することによって、[ (ロ)ガス事業者の自主保安体制を確立 ]し、及びガス事業の健全な発達を図るとともに、[ (ハ)ガス主任技術者 ]並びに[ (ニ)保安規程 ]によって、公共の安全を確保し、あわせて[ (ホ)公害の防止 ]を図ることを目的とする。,,,,,
12,法令で規定されている用語の定義及び事業の届出に関する次の記述のうち、誤っているものはいくつあるか。,1,(イ)　「ガス事業」とは、ガス小売事業、一般ガス道管事業、託送供給事業及びガス製造事業をいう。,(ロ)　小売供給」とは、一般の需要に応じ導管によりガスを供給すること(特定ガス発生設備においてガスを発生させ、導管によりこれを供給するものにあっては、一の団地内におけるガスの供給地点の数が70以上のものに限る。)をいう。,(ハ)　ハ　「液化ガス」とは、常用の温度において、圧力が0.2MPa以上となる液化ガスであって、現にその圧力が0.2MPa以上であるもの又は圧力が0.2MPaとなる場合の温度が35℃以下である液化ガスをいう。,(ニ)　メタンを主成分とする13Aのガスグループに属するガスを供給する導管であって、内径が200mm未満であり、かつ、ガスの圧力が0.5MPA以上5Mpa未満の導管であって、製造所等の構外における総延長が15kmを超えるものは、「特定導管」である。,(ホ)　ガス製造事業を営もうとする者は、経済産業省で定めるところにより、ガス発生設備及びガスホルダーにあっては、これらの設置の場所、種類及び能力別の数を、経済産業大臣に届け出なければならない。,,,,,,
12,法令で規定されている工事計画及び使用前検査に関する次の記述のうち、誤っているものはいくつあるか。,2,(イ)　ガス製造事業者は、ガス製造事業の用に供するガス工作物の設置又は変更の工事であって、経済産業省令で定めるものをしようとするときは、その工事の計画を経済産業大臣に届け出なければならない。ただし、災害その他非常の場合において、やむを得ない一時的な工事としてするときは、この限りでない。,(ロ)　工事計画の届出をしたガス製造事業者は、その届出を提出した日から30日を経過した後でなければ、その届出に係る工事を開始してはならない。,(ハ)　工事計画の届出をしたガス製造事業者は、その工事をするガス工作物であって、経済産業省令で定めるものの工事について完成検査を行い、その結果について登録ガス工作物検査機関が行う検査を受け、これに合格した後でなければ、これを使用してはならない。,(ニ)　製造所の変更の工事(特定製造所に係るものを除く。)のうち、20%以上の能力の変更を伴うガス発生器の改造であって、変更後の最高使用圧力が高圧となるものは、工事計画を経済産業大臣に届け出なければならない。,(ホ)　供給所の変更の工事のうち、最高使用圧力の変更を伴う整圧器の改造工事であって、変更後の最高使用圧力が高圧となるものは、工事計画を経済産業大臣に届け出なければならない,,,,,,
12,技術基準で規定されているガス工作物に関する次の記述のうち、誤っているものはいくつあるか。,3,(イ)　最高使用圧力が高圧のガス発生設備であって、過圧が生ずるおそれのあるものには、その圧力を逃がすために適切なインターロック機構を設けなければならない。,(ロ)　製造所、供給所又は移動式ガス発生設備に設置する遮断装置には、誤操作を防止し、かつ、確実に操作することができる措置を講じなければならない。,(ハ)　移動式ガス発生設備には、ガス又は液化ガスを通ずる設備の損傷に至るおそれのある状態を検知し警報する適切な装置を設けなければならない。,(ニ)　ガスホルダーのガスを送り出し、又は受け入れるために用いられる配管には、ガスが漏えいした場合の災害の発生を防止するため、ガスの流出及び流入を速やかに遮断することができる適切な装置を適切な箇所に設けなければならない。,(ホ)　最高使用圧力が高圧のガスホルダーは、受けるおそれのある熱に対し十分に耐えるものとし、又は適切な圧力上昇防止装置を設置しなければならない。,,,,,,
12,技術基準で規定されている漏えい検査及び導管の設置場所に関する次の記述のうち、誤っているものはいくつあるか。ただし、1、2及び3については、この導管は特定地下街等又は特定地下室等にガスを供給するものではなく、漏えい検知装置は設置されておらず、検査にあたって導管等が設置されている場所に立ち入ることができるものとする。,3,(イ)　道路に埋設されている導管で最高使用圧力が高圧のものは、埋設の日以後1年に1回以上、適切な方法により検査を行い、漏えいが認められなかったものでなければならない。,(ロ)　道路に埋設されている導管でポリエチレン管を使用している場合は、埋設の日以後4年に1回以上、適切な方法により検査を行い、漏えいが認められなかったものでなければならない。,(ハ)　道路に埋設されている導管からガス栓までの導管であって、絶縁措置が講じられた部分からガス栓までの間でプラスチックにて被覆された部分については、漏えい検査を要しない。,(ニ)　最高使用圧力が高圧の導管は、建物の内部又は基礎面下(当該建物がガスの供給に係るものを除く。)に設置してはならない。,(ホ)　最高使用圧力が中圧の導管であって、建物にガスを供給するものは、当該建物内の接合は溶接接合としなければならない。,,,,,,
12,法令で規定されている消費機器に関する周知及び調査、保安業務規程に関する次の記述のうち、正しいものはいくつあるか。,3,(イ)　ガス小売事業者は、消費機器を使用する者に対し、当該ガス小売事業者が供給するガスの使用に伴う危険の発生の防止に関し必要な事項を周知させなければならない。,(ロ)　ガス小売事業者は、その供給するガスに係る消費機器が経済産業省令で定める技術上の基準に適合しているかどうかを調査しなければならない。ただし、その消費機器を設置し、又は使用する場所に立ち入ることにつき、その所有者又は占有者の承諾を得ることができないときは、この限りでない。,(ハ)　経済産業大臣は、消費機器が経済産業省令で定める技術上の基準に適合していないと認めるときは、その所有者又は占有者に対し、その使用を一時停止すべきことを命ずることができる。,(ニ)　ガス小売事業者は、保安業務規程に保安業務を管理する事業場ごとのガス主任技術者の選任に関することを定めなければならない。,(ホ)　ガス小売事業者は、保安業務規程に保安業務に従事する者に対する保安に係る教育及び訓練に関することを定めなければならない。,,,,,,
12,都市ガスの原料に関する次の記述のうち、誤っているものはいくつあるか。,2,(イ)　LNGは急激な圧力低下や温度上昇により、配管中でベーパーロックが起こることがあり、送液が不可能になる等のおそれがある。,(ロ)　キャビテーションが起こると、ポンプ効率や吐出量が急激に上昇し、この状態が継続すると羽根や胴体の一部が損傷することがある。,(ハ)　液撃は、弁の閉鎖やポンプの急停止等の急激な変化によって、配管内流体の運動エネルギーの一部が圧力エネルギーに変換され、流体の圧力が上昇することにより起こる。,(ニ)　LNGの主成分であるメタンの臨界温度は約-82°Cと非常に低いため、常温で液化させるには高圧に圧縮する必要がある。,(ホ)　バイオマスは、ライフサイクルの中では大気中の二酸化炭素を増加させないためカーボンニュートラルである。,,,,,,
12,都市ガスの製造設備に関する次の記述のうち、正しいものはいくつあるか。,2,(イ)　ガスの製造プロセスの1つであるLNG気化によるプロセスは、原料であるLNGの受入設備の形態により、内航船で受け入れる1次受入基地、外航船で受け入れる2次受入基地、及びLNGローリー等で受け入れるサテライト基地に分類される。,(ロ)　LNG船と陸上側のLNG配管を接続するアンローディングアームは、回転自在のジョイントとパイプを組合せたものである。,(ハ)　LNG配管は、LNG貯槽からLNG気化器までの移送やLNG貯槽間の移送に用いられるため、低温靭性に優れた材料で配管を製作し、原則としてフランジ継手構造とする。,(ニ)　加圧式LPG貯槽には円筒形と球形があり、円筒形は比較的小容量の貯槽として最も経済的であるので広く使用されている。,(ホ)　往復式BOG圧縮機の構造は比較的複雑であり、ピストンの往復動により発生したガスの脈動を抑制するため、安全弁を設置する必要がある。,,,,,,
12,製造設備の建設及び操業に関する次の記述のうち、誤っているものはいくつあるか。,5,(イ)　都市ガスの需要は、時間的な使用量の変動や、季節的な需要の変動があり、「ベースロード」と呼ばれる需要に対応する設備には、ガスの発生・停止が容易な設備を選ぶ。,(ロ)　事業場のレイアウトを設計する際に留意する必要があるガス事業法で定める「離隔距離」とは、可燃性のガス又は液化ガスを通ずるガス工作物と、ボイラー等の火気を取り扱う設備との距離のことである。,(ハ)　レベル1地震動とは、供用期間中に発生する確率の高い地震動であり、それに対する耐震性能評価は、弾性設計法により、耐震上重要な部位に生ずる応答塑性率が許容塑性率を超えないことを確認する。,(ニ)　LNG船の入港日は、売主や買主等との調整が必要であり、事前に綿密な受入計画を作成するため、船舶トラブルや気象海象の影響を考慮した在庫確保は必要ない。,(ホ)　設備の巡視、点検の結果、技術基準に適合しない事項を発見した場合は、速やかに改善を実施すれば記録に残す必要はない。,,,,,,
12,腐食と防食に関する次の記述のうち、正しいものはいくつあるか。,5,(イ)　電解質の中にある2つの金属を接続すると電流が流れ、アノードとなる金属が腐食する。,(ロ)　ミクロセル腐食とは、金属表面においてアノードとカソードの部位が刻々と変化するタイプの腐食で、全面腐食となる。,(ハ)　導管における設計上の防食電位は、安全を考慮して、管対地電位を-1000mV(飽和硫酸銅電極基準)程度とすることが望ましい。,(ニ)　導管の路線上の2点間で、管対地電位に大きな差があれば、マクロセルが形成されており、電位の低い方で腐食の可能性がある。,(ホ)　建物に引き込まれた配管は、マクロセル腐食の原因となるコンクリートに接触する機会が多いため、一般に埋設配管部近くの架空配管部に絶縁継手を設置する。,,,,,,
12,コージェネレーションシステム及びガス冷暖房機器に関する次の記述のうち、正しいものはいくつあるか。,3,(イ)　ガスタービン式のコージェネレーションシステムは、電気出力に比べて熱出力の割合が大きく、蒸気を多量に必要とする産業用や地域冷暖房への導入が多い。,(ロ)　コージェネレーション設備では、電気主任技術者の選任や保安規程の届け出が必要であり、点検を委託することはできない。,(ハ)　固体酸化物形燃料電池(SOFC)は、電解質に高分子(陽イオン交換膜)を使用し、作動温度が約600〜1000°Cと高いため触媒が不要である。,(ニ)　吸収冷凍機の再生器では、冷媒を吸収して濃度が薄くなった吸収溶液を加熱して冷媒を蒸発させている。,(ホ)　吸収冷温水機には、加熱源としてガスの燃焼熱に加え、コージェネレーションシステムからの廃熱を利用したものがある。,,,,,,
12,法令で規定されているガス小売事業者が行う供給条件の説明、熱量等の測定、及び成分の検査に関する次の記述のうち、誤っているものはどれか。,1,,,,,,(1)　ガス小売事業者は、小売供給を受けようとする者と小売供給契約の締結をしようとするときは、経済産業省令で定めるところにより、当該小売供給に係る料金その他の供給条件について、経済産業大臣に届け出なければならない。,(2)　ガス小売事業者は、経済産業省令で定めるところにより、その供給するガスの熱量、圧力及び燃焼性を測定し、その結果を記録し、これを保存しなければならない。,(3)　特定ガス発生設備に係る場合にあっては、供給するガスの燃焼性を測定することを要しない。,(4)　ガス小売事業者は、経済産業省令で定めるところにより、その供給するガスの成分のうち、人体に危害を及ぼし、又は物件に損傷を与えるおそれがあるものの量が経済産業省令で定める数量を超えていないかどうかを検査し、その量を記録し、これを保存しなければならない。,(5)　天然ガスを主成分とするガスにあっては、硫黄全量、硫化水素及びアンモニアの成分検査を要しない。,
12,技術基準に規定されているガス事業者の掘削により周囲が露出することとなった導管の防護の基準、昇圧供給装置及び整圧器に関する次の記述のうち、誤っているものはどれか。,5,,,,,,(1)　露出している部分がガスの供給の用に供されている導管の印ろう型接合による接合部には、漏えいを防止する適切な措置を講ずること。,(2)　露出している部分がガスの供給の用に供されている直管以外の管の接合部であって、特定接合又は告示で定める規格に適合する接合以外の方法によって接合されているものには、抜出しを防止する適切な措置を講ずること。,(3)　導管(最高使用圧力が低圧の導管であって、内径が100mm未満のものを除く。)であって、露出している部分の長さが100m以上であり、かつ、当該部分がガスの供給の用に供されているものについては、危急の場合に当該部分に流入するガスを速やかに遮断することができる適切な措置を講ずること。,(4)　昇圧供給装置には、当該装置の運転異常又は当該装置の取扱いにより障害を生じないよう、適切な措置を講じなければならない。,(5)　一の使用者にガスを供給するための整圧器には、ガスの圧力が異常に低下した場合に供給を維持する装置を設けること。,
12,ガス事業法」及び「特定ガス消費機器の設置工事の監督に関する法律」に関する次の記述について、[   ]の中の(1)〜(5)の語句のうち、正しいものはどれか。,4,,,,,,消費機器の設置又は変更の工事は、[ (1)ガス用品 ]の技術上の基準に適合するようにしなければならない。,特定ガス消費機器」とは、 [ (2)製造年月日 ]・使用状況等からみて設置又は変更の工事の欠陥に係るガスによる災害の発生のおそれが多いと認められる消費機器であって、政令で定めるものをいう。,「特定工事」とは、特定ガス消費機器の設置又は変更の工事をいう。,特定工事事業者は、特定工事を施工するときは、技術上の基準に適合することを確保するため、[ (3)保安業務監督者に選任されている ]者に [ (4)実地に監督 ]させなければならない。,特定工事事業者は、特定工事を施工したときは、当該特定工事に係る特定ガス消費機器の見やすい場所に、氏名又は名称、[ (5)主要材料 ]その他の経済産業省令で定める事項を記載した表示を付さなければならない。,